Epoch	AverageEpReturns	StdEpReturns	EpLength
0	110.70497	0.0	250.0
1	414.27267	0.0	1000.0
2	215.6934	0.0	446.0
3	419.57193	0.0	1000.0
4	448.4541	0.0	1000.0
5	3.839816	0.0	20.0
6	122.766495	49.9658	269.5
7	435.4374	0.0	1000.0
8	13.970375	0.0	34.0
9	197.51898	191.67616	422.0
10	35.408585	0.0	86.0
11	324.46695	0.0	621.0
12	526.9569	0.0	1000.0
13	468.53522	0.0	1000.0
14	464.93716	0.0	1000.0
15	431.01685	0.0	1000.0
16	483.14078	0.0	1000.0
17	60.369656	39.875828	131.5
18	401.49802	0.0	1000.0
19	3.8617342	0.0	20.0
20	371.36362	0.0	759.0
21	325.60385	0.0	631.0
22	205.93573	201.15298	466.5
23	249.12997	204.70978	447.5
24	35.560673	0.0	82.0
25	481.43262	0.0	1000.0
26	494.45844	0.0	1000.0
27	515.36	0.0	1000.0
28	550.9234	0.0	1000.0
29	516.998	0.0	1000.0
30	478.4267	0.0	1000.0
31	406.27444	0.0	1000.0
32	461.6189	0.0	1000.0
33	237.77414	23.80069	464.0
34	154.57918	0.0	296.0
35	424.3851	0.0	1000.0
36	507.87817	0.0	1000.0
37	514.7975	0.0	1000.0
38	37.53787	0.0	100.0
39	192.58345	0.0	390.0
40	106.56187	80.333046	232.66667
41	519.07544	0.0	1000.0
42	189.24854	0.0	327.0
43	163.04857	0.0	284.0
44	488.848	0.0	1000.0
45	512.82	0.0	1000.0
46	498.81906	0.0	1000.0
47	531.0946	0.0	1000.0
48	498.2732	0.0	1000.0
49	99.19475	0.0	222.0
50	487.04126	0.0	1000.0
51	498.91754	0.0	1000.0
52	273.2154	0.0	527.0
53	597.52185	0.0	1000.0
54	61.450783	55.656525	147.5
55	472.62994	0.0	1000.0
56	471.21854	0.0	1000.0
57	410.10815	0.0	1000.0
58	538.9385	0.0	1000.0
59	500.31958	0.0	1000.0
60	496.60107	0.0	1000.0
61	569.9929	0.0	1000.0
62	496.24887	0.0	1000.0
63	499.17288	0.0	1000.0
64	109.60154	0.0	257.0
65	500.70834	0.0	1000.0
66	529.8179	0.0	1000.0
67	46.673782	0.0	114.0
68	371.29	0.0	703.0
69	515.4512	0.0	1000.0
70	536.93256	0.0	1000.0
71	534.8929	0.0	1000.0
72	2.26491	0.0	21.0
73	529.56793	0.0	1000.0
74	234.7432	6.867462	463.5
75	446.63406	0.0	1000.0
76	493.6905	0.0	1000.0
77	544.1198	0.0	1000.0
78	525.7765	0.0	1000.0
79	523.0392	0.0	1000.0
80	483.36597	0.0	1000.0
81	548.30133	0.0	1000.0
82	555.8565	0.0	1000.0
83	399.72055	0.0	1000.0
84	621.11395	0.0	1000.0
85	566.2493	0.0	1000.0
86	564.4073	0.0	1000.0
87	464.24774	0.0	1000.0
88	424.1629	0.0	1000.0
89	263.1506	0.0	488.0
90	483.8637	0.0	1000.0
91	562.9629	0.0	1000.0
92	527.12805	0.0	1000.0
93	542.93616	0.0	1000.0
94	501.39697	0.0	1000.0
95	470.35452	0.0	1000.0
96	473.67157	0.0	1000.0
97	547.2328	0.0	1000.0
98	622.0681	0.0	1000.0
99	520.7308	0.0	1000.0
100	547.60565	0.0	1000.0
101	553.45	0.0	1000.0
102	497.04578	0.0	1000.0
103	506.3703	0.0	1000.0
104	245.61307	0.0	509.0
105	505.57745	0.0	1000.0
106	523.10876	0.0	1000.0
107	535.84576	0.0	1000.0
108	520.5078	0.0	1000.0
109	530.95074	0.0	1000.0
110	501.01004	0.0	1000.0
111	582.0276	0.0	1000.0
112	534.78296	0.0	1000.0
113	461.46533	0.0	1000.0
114	537.6404	0.0	1000.0
115	565.8819	0.0	1000.0
116	642.77686	0.0	1000.0
117	603.1555	0.0	1000.0
118	550.85547	0.0	1000.0
119	546.2748	0.0	1000.0
120	476.22495	0.0	1000.0
121	240.0705	0.0	426.0
122	577.46967	0.0	1000.0
123	545.91235	0.0	1000.0
124	588.85724	0.0	1000.0
125	362.9342	0.0	623.0
126	549.43353	0.0	1000.0
127	525.198	0.0	1000.0
128	558.9987	0.0	1000.0
129	588.7132	0.0	1000.0
130	615.7361	0.0	1000.0
131	524.0128	0.0	1000.0
132	614.4966	0.0	1000.0
133	535.3406	0.0	1000.0
134	634.2617	0.0	1000.0
135	596.1079	0.0	1000.0
136	583.5746	0.0	1000.0
137	570.2743	0.0	1000.0
138	524.1714	0.0	1000.0
139	509.13498	0.0	1000.0
140	426.817	0.0	1000.0
141	568.0267	0.0	1000.0
142	502.02234	0.0	1000.0
143	588.5229	0.0	1000.0
144	602.5588	0.0	1000.0
145	675.3544	0.0	1000.0
146	545.4993	0.0	1000.0
147	599.4074	0.0	1000.0
148	528.3661	0.0	1000.0
149	589.56586	0.0	1000.0
150	312.1105	0.0	1000.0
151	506.43488	0.0	1000.0
152	516.6573	0.0	1000.0
153	631.40155	0.0	1000.0
154	590.64966	0.0	1000.0
155	624.04095	0.0	1000.0
156	648.3874	0.0	1000.0
157	657.29803	0.0	1000.0
158	562.10455	0.0	1000.0
159	516.8433	0.0	1000.0
160	597.5313	0.0	1000.0
161	669.39154	0.0	1000.0
162	550.2658	0.0	1000.0
163	508.68677	0.0	1000.0
164	560.34296	0.0	1000.0
165	627.7083	0.0	1000.0
166	473.24603	0.0	1000.0
167	626.2906	0.0	1000.0
168	579.611	0.0	1000.0
169	543.99384	0.0	1000.0
170	576.60266	0.0	1000.0
171	611.2452	0.0	1000.0
172	584.3334	0.0	1000.0
173	622.12164	0.0	1000.0
174	538.9211	0.0	1000.0
175	615.2436	0.0	1000.0
176	630.83746	0.0	1000.0
177	596.2615	0.0	1000.0
178	507.18042	0.0	1000.0
179	664.1618	0.0	1000.0
180	612.9214	0.0	1000.0
181	642.09534	0.0	1000.0
182	640.21606	0.0	1000.0
183	547.1501	0.0	1000.0
184	671.8278	0.0	1000.0
185	592.00446	0.0	1000.0
186	613.8626	0.0	1000.0
187	607.87244	0.0	1000.0
188	666.6988	0.0	1000.0
189	594.4228	0.0	1000.0
190	671.4208	0.0	1000.0
191	523.81085	0.0	1000.0
192	668.7434	0.0	1000.0
193	636.79626	0.0	1000.0
194	584.5524	0.0	1000.0
195	627.3504	0.0	1000.0
196	663.7844	0.0	1000.0
197	536.2735	0.0	1000.0
198	611.1307	0.0	1000.0
199	572.8801	0.0	1000.0
200	548.1394	0.0	1000.0
201	538.02625	0.0	1000.0
202	501.2814	0.0	1000.0
203	560.9685	0.0	1000.0
204	537.4968	0.0	1000.0
205	616.5707	0.0	1000.0
206	605.1247	0.0	1000.0
207	590.9784	0.0	1000.0
208	699.31323	0.0	1000.0
209	662.16656	0.0	1000.0
210	649.17053	0.0	1000.0
211	631.6767	0.0	1000.0
212	546.7878	0.0	1000.0
213	578.55505	0.0	1000.0
214	517.6602	0.0	1000.0
215	646.34235	0.0	1000.0
216	663.65625	0.0	1000.0
217	639.3408	0.0	1000.0
218	605.9585	0.0	1000.0
219	647.91595	0.0	1000.0
220	590.41046	0.0	1000.0
221	628.47577	0.0	1000.0
222	648.3897	0.0	1000.0
223	597.595	0.0	1000.0
224	558.97076	0.0	1000.0
225	601.7445	0.0	1000.0
226	709.918	0.0	1000.0
227	712.92993	0.0	1000.0
228	585.6143	0.0	1000.0
229	661.01117	0.0	1000.0
230	634.17786	0.0	1000.0
231	671.93884	0.0	1000.0
232	601.8276	0.0	1000.0
233	583.4295	0.0	1000.0
234	657.15607	0.0	1000.0
235	596.4786	0.0	1000.0
236	552.90076	0.0	1000.0
237	576.3124	0.0	1000.0
238	637.7918	0.0	1000.0
239	550.8608	0.0	1000.0
240	597.4441	0.0	1000.0
241	681.5833	0.0	1000.0
242	582.8432	0.0	1000.0
243	577.06573	0.0	1000.0
244	653.1312	0.0	1000.0
245	574.92596	0.0	1000.0
246	611.0366	0.0	1000.0
247	661.3388	0.0	1000.0
248	600.7086	0.0	1000.0
249	709.86444	0.0	1000.0
250	654.90497	0.0	1000.0
251	635.45715	0.0	1000.0
252	554.0473	0.0	1000.0
253	605.37164	0.0	1000.0
254	573.2097	0.0	1000.0
255	596.7584	0.0	1000.0
256	663.924	0.0	1000.0
257	663.5872	0.0	1000.0
258	695.827	0.0	1000.0
259	628.4243	0.0	1000.0
260	604.80493	0.0	1000.0
261	610.2482	0.0	1000.0
262	658.99585	0.0	1000.0
263	667.6676	0.0	1000.0
264	583.54675	0.0	1000.0
265	650.1787	0.0	1000.0
266	568.62396	0.0	1000.0
267	651.8986	0.0	1000.0
268	642.5687	0.0	1000.0
269	610.39636	0.0	1000.0
270	667.15	0.0	1000.0
271	616.46	0.0	1000.0
272	630.03485	0.0	1000.0
273	654.37085	0.0	1000.0
274	597.12695	0.0	1000.0
275	670.4906	0.0	1000.0
276	591.7576	0.0	1000.0
277	589.8028	0.0	1000.0
278	641.3808	0.0	1000.0
279	547.2482	0.0	1000.0
280	547.0496	0.0	1000.0
281	637.8022	0.0	1000.0
282	743.4208	0.0	1000.0
283	670.5083	0.0	1000.0
284	639.21344	0.0	1000.0
285	668.6538	0.0	1000.0
286	699.8932	0.0	1000.0
287	585.91437	0.0	1000.0
288	624.58923	0.0	1000.0
289	665.6109	0.0	1000.0
290	650.8301	0.0	1000.0
291	671.0639	0.0	1000.0
292	593.2093	0.0	1000.0
293	597.37286	0.0	1000.0
294	660.346	0.0	1000.0
295	653.021	0.0	1000.0
296	651.1929	0.0	1000.0
297	715.8265	0.0	1000.0
298	690.42847	0.0	1000.0
299	595.45416	0.0	1000.0
300	654.28534	0.0	1000.0
301	468.07114	0.0	833.0
302	663.5285	0.0	1000.0
303	632.37726	0.0	1000.0
304	617.54443	0.0	1000.0
305	586.946	0.0	1000.0
306	636.5462	0.0	1000.0
307	714.7142	0.0	1000.0
308	597.74207	0.0	1000.0
309	550.89325	0.0	1000.0
310	715.164	0.0	1000.0
311	626.0344	0.0	1000.0
312	675.5236	0.0	1000.0
313	645.2653	0.0	1000.0
314	734.6741	0.0	1000.0
315	647.7934	0.0	1000.0
316	566.252	0.0	1000.0
317	647.0474	0.0	1000.0
318	702.8308	0.0	1000.0
319	577.10925	0.0	1000.0
320	654.6772	0.0	1000.0
321	716.5773	0.0	1000.0
322	657.7448	0.0	1000.0
323	607.9318	0.0	1000.0
324	610.90906	0.0	1000.0
325	609.20966	0.0	1000.0
326	568.11804	0.0	1000.0
327	679.109	0.0	1000.0
328	596.81024	0.0	1000.0
329	654.12537	0.0	1000.0
330	673.8418	0.0	1000.0
331	690.612	0.0	1000.0
332	653.7771	0.0	1000.0
333	636.0593	0.0	1000.0
334	652.1734	0.0	1000.0
335	687.06683	0.0	1000.0
336	638.00195	0.0	1000.0
337	663.96564	0.0	1000.0
338	677.41644	0.0	1000.0
339	652.6486	0.0	1000.0
340	701.1733	0.0	1000.0
341	668.2352	0.0	1000.0
342	725.6796	0.0	1000.0
343	677.7146	0.0	1000.0
344	645.21246	0.0	1000.0
345	638.90424	0.0	1000.0
346	614.28503	0.0	1000.0
347	650.0989	0.0	1000.0
348	666.62213	0.0	1000.0
349	695.9536	0.0	1000.0
350	596.2365	0.0	1000.0
351	658.11865	0.0	1000.0
352	633.87213	0.0	1000.0
353	684.7016	0.0	1000.0
354	600.6832	0.0	1000.0
355	664.1334	0.0	1000.0
356	683.3828	0.0	1000.0
357	704.4942	0.0	1000.0
358	692.0708	0.0	1000.0
359	679.3394	0.0	1000.0
360	589.5985	0.0	1000.0
361	614.8555	0.0	1000.0
362	652.68286	0.0	1000.0
363	684.5628	0.0	1000.0
364	740.0521	0.0	1000.0
365	634.2039	0.0	1000.0
366	605.7261	0.0	1000.0
367	682.11395	0.0	1000.0
368	600.87115	0.0	1000.0
369	658.39014	0.0	1000.0
370	660.0621	0.0	1000.0
371	649.38336	0.0	1000.0
372	704.7536	0.0	1000.0
373	693.18896	0.0	1000.0
374	555.4551	0.0	1000.0
375	690.7108	0.0	1000.0
376	673.17365	0.0	1000.0
377	675.1084	0.0	1000.0
378	639.2318	0.0	1000.0
379	666.5007	0.0	1000.0
380	715.04663	0.0	1000.0
381	695.44794	0.0	1000.0
382	702.1034	0.0	1000.0
383	659.56793	0.0	1000.0
384	676.674	0.0	1000.0
385	623.92865	0.0	1000.0
386	699.0413	0.0	1000.0
387	616.85614	0.0	1000.0
388	724.5355	0.0	1000.0
389	663.82056	0.0	1000.0
390	632.95087	0.0	1000.0
391	709.9472	0.0	1000.0
392	648.3211	0.0	1000.0
393	733.6753	0.0	1000.0
394	572.0896	0.0	1000.0
395	625.8905	0.0	1000.0
396	681.8679	0.0	1000.0
397	625.46686	0.0	1000.0
398	667.10547	0.0	1000.0
399	684.8297	0.0	1000.0
400	695.7898	0.0	1000.0
401	748.8875	0.0	1000.0
402	689.54565	0.0	1000.0
403	615.5029	0.0	1000.0
404	665.214	0.0	1000.0
405	740.28864	0.0	1000.0
406	733.91345	0.0	1000.0
407	658.35	0.0	1000.0
408	663.8834	0.0	1000.0
409	700.72864	0.0	1000.0
410	707.9071	0.0	1000.0
411	663.149	0.0	1000.0
412	622.06244	0.0	1000.0
413	627.29736	0.0	1000.0
414	609.8747	0.0	1000.0
415	669.7981	0.0	1000.0
416	654.64813	0.0	1000.0
417	681.02405	0.0	1000.0
418	736.59845	0.0	1000.0
419	688.6657	0.0	1000.0
420	645.4556	0.0	1000.0
421	696.8456	0.0	1000.0
422	735.1955	0.0	1000.0
423	623.0071	0.0	1000.0
424	653.8336	0.0	1000.0
425	652.1116	0.0	1000.0
426	638.7726	0.0	1000.0
427	666.6292	0.0	1000.0
428	667.67206	0.0	1000.0
429	719.9444	0.0	1000.0
430	697.81604	0.0	1000.0
431	739.8812	0.0	1000.0
432	623.14984	0.0	1000.0
433	557.01514	0.0	1000.0
434	717.5986	0.0	1000.0
435	682.81744	0.0	1000.0
436	714.2614	0.0	1000.0
437	752.07104	0.0	1000.0
438	602.4119	0.0	1000.0
439	611.4958	0.0	1000.0
440	680.6208	0.0	1000.0
441	616.5903	0.0	1000.0
442	638.18024	0.0	1000.0
443	669.5544	0.0	1000.0
444	692.055	0.0	1000.0
445	701.2234	0.0	1000.0
446	655.88135	0.0	1000.0
447	607.4518	0.0	1000.0
448	633.9026	0.0	1000.0
449	741.6613	0.0	1000.0
450	658.58246	0.0	1000.0
451	653.9822	0.0	1000.0
452	653.07294	0.0	1000.0
453	667.2371	0.0	1000.0
454	712.43884	0.0	1000.0
455	681.8312	0.0	1000.0
456	654.5457	0.0	1000.0
457	678.27826	0.0	1000.0
458	706.73804	0.0	1000.0
459	673.7761	0.0	1000.0
460	657.14856	0.0	1000.0
461	659.6397	0.0	1000.0
462	722.1519	0.0	1000.0
463	642.68445	0.0	1000.0
464	662.45184	0.0	1000.0
465	702.2753	0.0	1000.0
466	687.1629	0.0	1000.0
467	700.20044	0.0	1000.0
468	768.71246	0.0	1000.0
469	698.6759	0.0	1000.0
470	618.8337	0.0	1000.0
471	741.0132	0.0	1000.0
472	684.8216	0.0	1000.0
473	744.45807	0.0	1000.0
474	662.1955	0.0	1000.0
475	621.9691	0.0	1000.0
476	694.60016	0.0	1000.0
477	652.1813	0.0	1000.0
478	638.53156	0.0	1000.0
479	733.47266	0.0	1000.0
480	677.376	0.0	1000.0
481	628.88666	0.0	1000.0
482	657.6339	0.0	1000.0
483	662.93	0.0	1000.0
484	699.0077	0.0	1000.0
485	703.02313	0.0	1000.0
486	663.6735	0.0	1000.0
487	702.3629	0.0	1000.0
488	684.0518	0.0	1000.0
489	656.5446	0.0	1000.0
490	682.6657	0.0	1000.0
491	677.7594	0.0	1000.0
492	661.3309	0.0	1000.0
493	726.4534	0.0	1000.0
494	703.4458	0.0	1000.0
495	628.05426	0.0	1000.0
496	636.65625	0.0	1000.0
497	684.4587	0.0	1000.0
498	629.49426	0.0	1000.0
499	684.75494	0.0	1000.0
500	736.54047	0.0	1000.0
501	726.0554	0.0	1000.0
502	732.17706	0.0	1000.0
503	682.401	0.0	1000.0
504	715.0618	0.0	1000.0
505	669.83826	0.0	1000.0
506	670.3012	0.0	1000.0
507	711.8088	0.0	1000.0
508	722.67725	0.0	1000.0
509	669.47943	0.0	1000.0
510	708.8301	0.0	1000.0
511	649.06335	0.0	1000.0
512	693.63275	0.0	1000.0
513	682.3803	0.0	1000.0
514	644.7337	0.0	1000.0
515	734.7254	0.0	1000.0
516	703.6089	0.0	1000.0
517	644.6825	0.0	1000.0
518	753.29395	0.0	1000.0
519	692.26056	0.0	1000.0
520	734.3315	0.0	1000.0
521	651.92035	0.0	1000.0
522	680.87665	0.0	1000.0
523	732.79803	0.0	1000.0
524	737.61005	0.0	1000.0
525	695.4927	0.0	1000.0
526	701.4339	0.0	1000.0
527	744.90656	0.0	1000.0
528	799.5081	0.0	1000.0
529	715.8577	0.0	1000.0
530	777.096	0.0	1000.0
531	724.10333	0.0	1000.0
532	691.8911	0.0	1000.0
533	731.98096	0.0	1000.0
534	710.8028	0.0	1000.0
535	662.847	0.0	1000.0
536	683.5832	0.0	1000.0
537	686.1661	0.0	1000.0
538	680.7456	0.0	1000.0
539	686.6979	0.0	1000.0
540	707.77997	0.0	1000.0
541	751.4265	0.0	1000.0
542	663.1598	0.0	1000.0
543	721.0061	0.0	1000.0
544	694.63916	0.0	1000.0
545	693.87646	0.0	1000.0
546	751.3349	0.0	1000.0
547	757.136	0.0	1000.0
548	620.034	0.0	1000.0
549	754.6683	0.0	1000.0
550	641.4907	0.0	1000.0
551	725.91254	0.0	1000.0
552	708.37415	0.0	1000.0
553	681.7622	0.0	1000.0
554	737.64105	0.0	1000.0
555	716.9264	0.0	1000.0
556	769.2437	0.0	1000.0
557	699.80524	0.0	1000.0
558	709.335	0.0	1000.0
559	683.01544	0.0	1000.0
560	744.3266	0.0	1000.0
561	626.4372	0.0	1000.0
562	681.22485	0.0	1000.0
563	704.71906	0.0	1000.0
564	702.16254	0.0	1000.0
565	720.651	0.0	1000.0
566	706.725	0.0	1000.0
567	647.62286	0.0	1000.0
568	627.5703	0.0	1000.0
569	726.7936	0.0	1000.0
570	613.9144	0.0	1000.0
571	707.926	0.0	1000.0
572	787.9031	0.0	1000.0
573	780.2701	0.0	1000.0
574	724.5328	0.0	1000.0
575	675.62256	0.0	1000.0
576	754.69385	0.0	1000.0
577	682.4393	0.0	1000.0
578	732.83374	0.0	1000.0
579	717.6492	0.0	1000.0
580	760.10345	0.0	1000.0
581	757.7759	0.0	1000.0
582	744.48254	0.0	1000.0
583	710.7566	0.0	1000.0
584	722.6006	0.0	1000.0
585	702.3361	0.0	1000.0
586	697.5051	0.0	1000.0
587	675.29803	0.0	1000.0
588	682.8549	0.0	1000.0
589	723.2749	0.0	1000.0
590	702.23834	0.0	1000.0
591	779.72186	0.0	1000.0
592	676.8497	0.0	1000.0
593	744.63605	0.0	1000.0
594	738.2254	0.0	1000.0
595	637.86316	0.0	1000.0
596	753.85547	0.0	1000.0
597	757.0065	0.0	1000.0
598	729.6597	0.0	1000.0
599	744.66797	0.0	1000.0
600	700.8325	0.0	1000.0
601	760.4672	0.0	1000.0
602	743.2085	0.0	1000.0
603	616.3731	0.0	1000.0
604	666.44824	0.0	1000.0
605	755.0795	0.0	1000.0
606	686.58594	0.0	1000.0
607	706.72406	0.0	1000.0
608	752.76794	0.0	1000.0
609	787.20465	0.0	1000.0
610	699.48883	0.0	1000.0
611	713.86566	0.0	1000.0
612	707.9378	0.0	1000.0
613	737.0514	0.0	1000.0
614	747.39484	0.0	1000.0
615	731.82684	0.0	1000.0
616	709.8277	0.0	1000.0
617	787.818	0.0	1000.0
618	721.9307	0.0	1000.0
619	671.5841	0.0	1000.0
620	740.1554	0.0	1000.0
621	748.74066	0.0	1000.0
622	715.7932	0.0	1000.0
623	726.52826	0.0	1000.0
624	726.256	0.0	1000.0
625	665.57697	0.0	1000.0
626	689.4163	0.0	1000.0
627	710.66815	0.0	1000.0
628	776.51685	0.0	1000.0
629	748.5972	0.0	1000.0
630	778.76324	0.0	1000.0
631	805.47107	0.0	1000.0
632	738.6973	0.0	1000.0
633	787.2545	0.0	1000.0
634	621.6921	0.0	1000.0
635	721.27704	0.0	1000.0
636	771.277	0.0	1000.0
637	744.3572	0.0	1000.0
638	735.11115	0.0	1000.0
639	641.9408	0.0	1000.0
640	773.3531	0.0	1000.0
641	794.2262	0.0	1000.0
642	785.51086	0.0	1000.0
643	770.92505	0.0	1000.0
644	740.4644	0.0	1000.0
645	729.692	0.0	1000.0
646	766.4076	0.0	1000.0
647	749.33624	0.0	1000.0
648	731.45844	0.0	1000.0
649	735.3896	0.0	1000.0
650	758.9411	0.0	1000.0
651	741.9601	0.0	1000.0
652	744.7684	0.0	1000.0
653	741.3717	0.0	1000.0
654	735.72845	0.0	1000.0
655	751.6689	0.0	1000.0
656	697.2956	0.0	1000.0
657	683.75165	0.0	1000.0
658	678.75616	0.0	1000.0
659	769.5186	0.0	1000.0
660	677.0886	0.0	1000.0
661	728.2972	0.0	1000.0
662	726.29	0.0	1000.0
663	726.8703	0.0	1000.0
664	718.40704	0.0	1000.0
665	677.6767	0.0	1000.0
666	772.9639	0.0	1000.0
667	766.2429	0.0	1000.0
668	768.9511	0.0	1000.0
669	715.62256	0.0	1000.0
670	732.8336	0.0	1000.0
671	771.48773	0.0	1000.0
672	777.5401	0.0	1000.0
673	700.02875	0.0	1000.0
674	724.2063	0.0	1000.0
675	766.4751	0.0	1000.0
676	756.5719	0.0	1000.0
677	783.82056	0.0	1000.0
678	733.93414	0.0	1000.0
679	764.40497	0.0	1000.0
680	774.2079	0.0	1000.0
681	767.15295	0.0	1000.0
682	723.6277	0.0	1000.0
683	786.2255	0.0	1000.0
684	815.2935	0.0	1000.0
685	798.2199	0.0	1000.0
686	649.40076	0.0	1000.0
687	672.7667	0.0	1000.0
688	754.8001	0.0	1000.0
689	693.51434	0.0	1000.0
690	757.69604	0.0	1000.0
691	787.75104	0.0	1000.0
692	790.9364	0.0	1000.0
693	614.2517	0.0	1000.0
694	780.7067	0.0	1000.0
695	737.8204	0.0	1000.0
696	741.5178	0.0	1000.0
697	722.91455	0.0	1000.0
698	697.45593	0.0	1000.0
699	806.7199	0.0	1000.0
700	834.6048	0.0	1000.0
701	762.43726	0.0	1000.0
702	728.3744	0.0	1000.0
703	774.70215	0.0	1000.0
704	785.6563	0.0	1000.0
705	771.3441	0.0	1000.0
706	744.8362	0.0	1000.0
707	703.33997	0.0	1000.0
708	690.38086	0.0	1000.0
709	682.672	0.0	1000.0
710	791.2178	0.0	1000.0
711	730.7124	0.0	1000.0
712	748.0345	0.0	1000.0
713	760.9815	0.0	1000.0
714	778.33246	0.0	1000.0
715	678.79095	0.0	1000.0
716	717.3721	0.0	1000.0
717	757.3247	0.0	1000.0
718	726.39716	0.0	1000.0
719	752.5889	0.0	1000.0
720	761.65234	0.0	1000.0
721	760.4008	0.0	1000.0
722	733.2424	0.0	1000.0
723	734.9393	0.0	1000.0
724	726.07886	0.0	1000.0
725	702.50684	0.0	1000.0
726	748.9132	0.0	1000.0
727	721.379	0.0	1000.0
728	664.09973	0.0	1000.0
729	806.9419	0.0	1000.0
730	780.0249	0.0	1000.0
731	695.4713	0.0	1000.0
732	764.62866	0.0	1000.0
733	776.7459	0.0	1000.0
734	773.4062	0.0	1000.0
735	753.86993	0.0	1000.0
736	769.2454	0.0	1000.0
737	762.7558	0.0	1000.0
738	754.1553	0.0	1000.0
739	778.2965	0.0	1000.0
740	784.3157	0.0	1000.0
741	813.03436	0.0	1000.0
742	802.65826	0.0	1000.0
743	758.63654	0.0	1000.0
744	784.8847	0.0	1000.0
745	721.15643	0.0	1000.0
746	708.4592	0.0	1000.0
747	745.604	0.0	1000.0
748	817.5873	0.0	1000.0
749	794.58026	0.0	1000.0
750	717.7558	0.0	1000.0
751	770.8514	0.0	1000.0
752	762.40094	0.0	1000.0
753	783.4399	0.0	1000.0
754	774.8721	0.0	1000.0
755	815.5753	0.0	1000.0
756	732.3038	0.0	1000.0
757	723.10516	0.0	1000.0
758	765.24097	0.0	1000.0
759	719.9436	0.0	1000.0
760	799.5388	0.0	1000.0
761	818.78485	0.0	1000.0
762	778.0725	0.0	1000.0
763	809.67554	0.0	1000.0
764	766.1711	0.0	1000.0
765	819.3137	0.0	1000.0
766	779.688	0.0	1000.0
767	767.60114	0.0	1000.0
768	753.94366	0.0	1000.0
769	765.1863	0.0	1000.0
770	831.9922	0.0	1000.0
771	805.0635	0.0	1000.0
772	741.356	0.0	1000.0
773	724.941	0.0	1000.0
774	742.25354	0.0	1000.0
775	760.66614	0.0	1000.0
776	786.187	0.0	1000.0
777	784.501	0.0	1000.0
778	764.83606	0.0	1000.0
779	770.11127	0.0	1000.0
780	804.50244	0.0	1000.0
781	808.1997	0.0	1000.0
782	759.38434	0.0	1000.0
783	774.72015	0.0	1000.0
784	839.6038	0.0	1000.0
785	817.67017	0.0	1000.0
786	824.55365	0.0	1000.0
787	793.31836	0.0	1000.0
788	781.2277	0.0	1000.0
789	753.04285	0.0	1000.0
790	828.23553	0.0	1000.0
791	752.68207	0.0	1000.0
792	763.29895	0.0	1000.0
793	739.37036	0.0	1000.0
794	789.487	0.0	1000.0
795	794.2145	0.0	1000.0
796	754.5147	0.0	1000.0
797	793.63306	0.0	1000.0
798	806.9887	0.0	1000.0
799	794.61584	0.0	1000.0
800	805.67194	0.0	1000.0
801	824.3896	0.0	1000.0
802	774.6931	0.0	1000.0
803	833.7266	0.0	1000.0
804	809.57904	0.0	1000.0
805	803.5909	0.0	1000.0
806	801.627	0.0	1000.0
807	826.86005	0.0	1000.0
808	755.8968	0.0	1000.0
809	839.8635	0.0	1000.0
810	820.3079	0.0	1000.0
811	831.13226	0.0	1000.0
812	719.6032	0.0	1000.0
813	819.02136	0.0	1000.0
814	791.65094	0.0	1000.0
815	814.3181	0.0	1000.0
816	778.9959	0.0	1000.0
817	708.80035	0.0	1000.0
818	854.6711	0.0	1000.0
819	792.88617	0.0	1000.0
820	806.0221	0.0	1000.0
821	775.66144	0.0	1000.0
822	780.9853	0.0	1000.0
823	768.7968	0.0	1000.0
824	840.41113	0.0	1000.0
825	764.0779	0.0	1000.0
826	786.7548	0.0	1000.0
827	777.38495	0.0	1000.0
828	767.81616	0.0	1000.0
829	823.51324	0.0	1000.0
830	817.4996	0.0	1000.0
831	743.376	0.0	1000.0
832	771.81415	0.0	1000.0
833	767.2534	0.0	1000.0
834	809.11475	0.0	1000.0
835	782.9845	0.0	1000.0
836	766.8517	0.0	1000.0
837	778.352	0.0	1000.0
838	801.0258	0.0	1000.0
839	813.3035	0.0	1000.0
840	797.6275	0.0	1000.0
841	811.14087	0.0	1000.0
842	746.3779	0.0	1000.0
843	755.2596	0.0	1000.0
844	749.38324	0.0	1000.0
845	763.0636	0.0	1000.0
846	777.7333	0.0	1000.0
847	819.98334	0.0	1000.0
848	797.8984	0.0	1000.0
849	742.2244	0.0	1000.0
850	695.1627	0.0	1000.0
851	761.54016	0.0	1000.0
852	677.67554	0.0	1000.0
853	767.4571	0.0	1000.0
854	760.4323	0.0	1000.0
855	820.52814	0.0	1000.0
856	719.65295	0.0	1000.0
857	809.38873	0.0	1000.0
858	756.6216	0.0	1000.0
859	785.2755	0.0	1000.0
860	752.506	0.0	1000.0
861	737.4591	0.0	1000.0
862	636.5628	0.0	1000.0
863	838.9441	0.0	1000.0
864	810.78253	0.0	1000.0
865	814.298	0.0	1000.0
866	792.6974	0.0	1000.0
867	763.63727	0.0	1000.0
868	769.7737	0.0	1000.0
869	857.46124	0.0	1000.0
870	742.7327	0.0	1000.0
871	821.6162	0.0	1000.0
872	790.7324	0.0	1000.0
873	762.4542	0.0	1000.0
874	842.08826	0.0	1000.0
875	796.9261	0.0	1000.0
876	853.13336	0.0	1000.0
877	827.0546	0.0	1000.0
878	801.89087	0.0	1000.0
879	778.35614	0.0	1000.0
880	774.0516	0.0	1000.0
881	740.2654	0.0	1000.0
882	844.40295	0.0	1000.0
883	783.5136	0.0	1000.0
884	683.74316	0.0	1000.0
885	810.4243	0.0	1000.0
886	816.52673	0.0	1000.0
887	802.86566	0.0	1000.0
888	821.7964	0.0	1000.0
889	832.86847	0.0	1000.0
890	854.88446	0.0	1000.0
891	747.5785	0.0	1000.0
892	820.1535	0.0	1000.0
893	840.0177	0.0	1000.0
894	757.62427	0.0	1000.0
895	781.7013	0.0	1000.0
896	849.5314	0.0	1000.0
897	772.47577	0.0	1000.0
898	816.52264	0.0	1000.0
899	791.27686	0.0	1000.0
900	799.5288	0.0	1000.0
901	843.2878	0.0	1000.0
902	807.5058	0.0	1000.0
903	799.6962	0.0	1000.0
904	837.99176	0.0	1000.0
905	778.6786	0.0	1000.0
906	810.2864	0.0	1000.0
907	758.777	0.0	1000.0
908	866.6426	0.0	1000.0
909	842.0594	0.0	1000.0
910	799.2868	0.0	1000.0
911	800.16235	0.0	1000.0
912	742.32025	0.0	1000.0
913	864.83594	0.0	1000.0
914	795.1612	0.0	1000.0
915	776.10706	0.0	1000.0
916	729.40674	0.0	1000.0
917	746.7494	0.0	1000.0
918	799.11523	0.0	1000.0
919	780.6706	0.0	1000.0
920	786.6632	0.0	1000.0
921	824.8215	0.0	1000.0
922	743.5571	0.0	1000.0
923	782.7865	0.0	1000.0
924	783.30133	0.0	1000.0
925	829.8204	0.0	1000.0
926	839.51636	0.0	1000.0
927	747.50415	0.0	1000.0
928	832.13116	0.0	1000.0
929	772.0698	0.0	1000.0
930	791.9311	0.0	1000.0
931	738.9613	0.0	1000.0
932	795.38605	0.0	1000.0
933	818.6239	0.0	1000.0
934	811.2847	0.0	1000.0
935	790.33575	0.0	1000.0
936	808.34406	0.0	1000.0
937	856.8754	0.0	1000.0
938	801.78723	0.0	1000.0
939	860.6421	0.0	1000.0
940	845.22095	0.0	1000.0
941	755.5912	0.0	1000.0
942	844.16754	0.0	1000.0
943	828.4947	0.0	1000.0
944	809.4252	0.0	1000.0
945	798.08435	0.0	1000.0
946	795.2227	0.0	1000.0
947	788.30475	0.0	1000.0
948	811.8265	0.0	1000.0
949	801.6672	0.0	1000.0
950	764.9274	0.0	1000.0
951	834.2107	0.0	1000.0
952	793.23364	0.0	1000.0
953	769.5127	0.0	1000.0
954	826.21313	0.0	1000.0
955	813.12366	0.0	1000.0
956	774.2778	0.0	1000.0
957	865.3287	0.0	1000.0
958	787.8701	0.0	1000.0
959	787.9942	0.0	1000.0
960	724.9601	0.0	1000.0
961	805.06494	0.0	1000.0
962	866.7364	0.0	1000.0
963	868.11456	0.0	1000.0
964	764.35876	0.0	1000.0
965	813.0588	0.0	1000.0
966	747.4566	0.0	1000.0
967	838.572	0.0	1000.0
968	796.2115	0.0	1000.0
969	862.8592	0.0	1000.0
970	804.28894	0.0	1000.0
971	834.8564	0.0	1000.0
972	747.84076	0.0	1000.0
973	741.1898	0.0	1000.0
974	782.6356	0.0	1000.0
975	890.0743	0.0	1000.0
976	836.59045	0.0	1000.0
977	790.2306	0.0	1000.0
978	812.08154	0.0	1000.0
979	725.94617	0.0	1000.0
980	808.6375	0.0	1000.0
981	770.71893	0.0	1000.0
982	791.9967	0.0	1000.0
983	900.7196	0.0	1000.0
984	795.8672	0.0	1000.0
985	800.72034	0.0	1000.0
986	839.05566	0.0	1000.0
987	840.35364	0.0	1000.0
988	838.5841	0.0	1000.0
989	771.54126	0.0	1000.0
990	796.44354	0.0	1000.0
991	785.98944	0.0	1000.0
992	784.0151	0.0	1000.0
993	682.43713	0.0	1000.0
994	861.07513	0.0	1000.0
995	744.20636	0.0	1000.0
996	872.66925	0.0	1000.0
997	781.50824	0.0	1000.0
998	909.10803	0.0	1000.0
999	765.6037	0.0	1000.0
1000	770.0723	0.0	1000.0
1001	846.7051	0.0	1000.0
1002	785.14734	0.0	1000.0
1003	799.21954	0.0	1000.0
1004	846.4241	0.0	1000.0
1005	869.41394	0.0	1000.0
1006	832.399	0.0	1000.0
1007	850.66187	0.0	1000.0
1008	833.4321	0.0	1000.0
1009	794.5523	0.0	1000.0
1010	837.5588	0.0	1000.0
1011	866.02893	0.0	1000.0
1012	874.2418	0.0	1000.0
1013	804.10675	0.0	1000.0
1014	794.61005	0.0	1000.0
1015	812.45496	0.0	1000.0
1016	836.0496	0.0	1000.0
1017	814.4311	0.0	1000.0
1018	841.11835	0.0	1000.0
1019	896.79193	0.0	1000.0
1020	840.5957	0.0	1000.0
1021	843.2105	0.0	1000.0
1022	869.9722	0.0	1000.0
1023	805.0315	0.0	1000.0
1024	797.1845	0.0	1000.0
1025	831.13806	0.0	1000.0
1026	826.36505	0.0	1000.0
1027	841.27734	0.0	1000.0
1028	830.1122	0.0	1000.0
1029	840.9857	0.0	1000.0
1030	856.0109	0.0	1000.0
1031	835.4991	0.0	1000.0
1032	861.6774	0.0	1000.0
1033	843.29004	0.0	1000.0
1034	865.37976	0.0	1000.0
1035	881.1168	0.0	1000.0
1036	826.64417	0.0	1000.0
1037	824.3921	0.0	1000.0
1038	803.36365	0.0	1000.0
1039	849.8879	0.0	1000.0
1040	833.5788	0.0	1000.0
1041	924.63385	0.0	1000.0
1042	825.273	0.0	1000.0
1043	803.4978	0.0	1000.0
1044	885.3395	0.0	1000.0
1045	816.9133	0.0	1000.0
1046	833.96423	0.0	1000.0
1047	863.8373	0.0	1000.0
1048	848.0156	0.0	1000.0
1049	817.7015	0.0	1000.0
1050	854.3898	0.0	1000.0
1051	826.93823	0.0	1000.0
1052	842.2497	0.0	1000.0
1053	836.06464	0.0	1000.0
1054	817.04724	0.0	1000.0
1055	811.53217	0.0	1000.0
1056	864.25244	0.0	1000.0
1057	785.1741	0.0	1000.0
1058	827.3391	0.0	1000.0
1059	809.90784	0.0	1000.0
1060	791.1768	0.0	1000.0
1061	767.23785	0.0	1000.0
1062	808.58466	0.0	1000.0
1063	840.7821	0.0	1000.0
1064	842.6441	0.0	1000.0
1065	842.3685	0.0	1000.0
1066	852.4568	0.0	1000.0
1067	826.72034	0.0	1000.0
1068	849.3423	0.0	1000.0
1069	667.2031	0.0	1000.0
1070	788.1733	0.0	1000.0
1071	888.9108	0.0	1000.0
1072	865.85754	0.0	1000.0
1073	843.3274	0.0	1000.0
1074	874.1763	0.0	1000.0
1075	785.93976	0.0	1000.0
1076	780.91205	0.0	1000.0
1077	851.38434	0.0	1000.0
1078	907.81354	0.0	1000.0
1079	785.3419	0.0	1000.0
1080	826.74	0.0	1000.0
1081	728.9461	0.0	1000.0
1082	808.9101	0.0	1000.0
1083	811.4884	0.0	1000.0
1084	812.5083	0.0	1000.0
1085	835.3054	0.0	1000.0
1086	812.6368	0.0	1000.0
1087	809.1321	0.0	1000.0
1088	865.8337	0.0	1000.0
1089	894.68176	0.0	1000.0
1090	879.95074	0.0	1000.0
1091	852.0991	0.0	1000.0
1092	837.581	0.0	1000.0
1093	866.4288	0.0	1000.0
1094	857.96674	0.0	1000.0
1095	841.31494	0.0	1000.0
1096	865.93646	0.0	1000.0
1097	873.23584	0.0	1000.0
1098	838.6365	0.0	1000.0
1099	741.4986	0.0	1000.0
1100	765.41565	0.0	1000.0
1101	810.70306	0.0	1000.0
1102	840.54535	0.0	1000.0
1103	831.6302	0.0	1000.0
1104	838.32794	0.0	1000.0
1105	874.93585	0.0	1000.0
1106	861.1688	0.0	1000.0
1107	780.24646	0.0	1000.0
1108	841.1325	0.0	1000.0
1109	882.3131	0.0	1000.0
1110	853.117	0.0	1000.0
1111	862.28766	0.0	1000.0
1112	668.5919	0.0	1000.0
1113	835.7012	0.0	1000.0
1114	871.3143	0.0	1000.0
1115	866.32544	0.0	1000.0
1116	816.9247	0.0	1000.0
1117	822.25244	0.0	1000.0
1118	756.2238	0.0	1000.0
1119	843.51044	0.0	1000.0
1120	860.7448	0.0	1000.0
1121	864.3392	0.0	1000.0
1122	873.4711	0.0	1000.0
1123	881.7859	0.0	1000.0
1124	839.75494	0.0	1000.0
1125	896.4812	0.0	1000.0
1126	865.21564	0.0	1000.0
1127	922.17084	0.0	1000.0
1128	898.18085	0.0	1000.0
1129	866.3205	0.0	1000.0
1130	860.1094	0.0	1000.0
1131	869.85535	0.0	1000.0
1132	862.94934	0.0	1000.0
1133	813.50854	0.0	1000.0
1134	837.2534	0.0	1000.0
1135	857.54565	0.0	1000.0
1136	855.41266	0.0	1000.0
1137	945.2786	0.0	1000.0
1138	792.2041	0.0	1000.0
1139	823.0659	0.0	1000.0
1140	878.51715	0.0	1000.0
1141	825.61053	0.0	1000.0
1142	899.29816	0.0	1000.0
1143	874.3496	0.0	1000.0
1144	904.6526	0.0	1000.0
1145	822.7524	0.0	1000.0
1146	812.1847	0.0	1000.0
1147	898.8926	0.0	1000.0
1148	900.1437	0.0	1000.0
1149	887.13	0.0	1000.0
1150	817.00745	0.0	1000.0
1151	860.8342	0.0	1000.0
1152	826.63556	0.0	1000.0
1153	816.6415	0.0	1000.0
1154	931.3149	0.0	1000.0
1155	904.9455	0.0	1000.0
1156	763.168	0.0	1000.0
1157	834.6767	0.0	1000.0
1158	917.41876	0.0	1000.0
1159	788.52014	0.0	1000.0
1160	933.826	0.0	1000.0
1161	880.75226	0.0	1000.0
1162	804.2114	0.0	1000.0
1163	829.29517	0.0	1000.0
1164	904.2411	0.0	1000.0
1165	875.52905	0.0	1000.0
1166	870.028	0.0	1000.0
1167	867.3669	0.0	1000.0
1168	803.59796	0.0	1000.0
1169	843.0872	0.0	1000.0
1170	912.4414	0.0	1000.0
1171	852.05194	0.0	1000.0
1172	890.6822	0.0	1000.0
1173	835.99915	0.0	1000.0
1174	788.844	0.0	1000.0
1175	858.56433	0.0	1000.0
1176	834.4625	0.0	1000.0
1177	838.53253	0.0	1000.0
1178	827.36224	0.0	1000.0
1179	898.6536	0.0	1000.0
1180	882.78625	0.0	1000.0
1181	900.09894	0.0	1000.0
1182	800.1306	0.0	1000.0
1183	914.32654	0.0	1000.0
1184	802.48816	0.0	1000.0
1185	946.2488	0.0	1000.0
1186	838.80536	0.0	1000.0
1187	795.8472	0.0	1000.0
1188	799.1887	0.0	1000.0
1189	891.881	0.0	1000.0
1190	824.15204	0.0	1000.0
1191	786.10657	0.0	1000.0
1192	882.86365	0.0	1000.0
1193	843.9868	0.0	1000.0
1194	895.8013	0.0	1000.0
1195	871.14905	0.0	1000.0
1196	812.0611	0.0	1000.0
1197	897.2956	0.0	1000.0
1198	848.34875	0.0	1000.0
1199	830.3983	0.0	1000.0
1200	889.7425	0.0	1000.0
1201	806.4491	0.0	1000.0
1202	846.438	0.0	1000.0
1203	884.11566	0.0	1000.0
1204	802.56256	0.0	1000.0
1205	827.60724	0.0	1000.0
1206	919.49725	0.0	1000.0
1207	831.59845	0.0	1000.0
1208	888.6043	0.0	1000.0
1209	818.7948	0.0	1000.0
1210	875.90436	0.0	1000.0
1211	793.2923	0.0	1000.0
1212	880.11176	0.0	1000.0
1213	894.0178	0.0	1000.0
1214	752.0372	0.0	1000.0
1215	858.63983	0.0	1000.0
1216	808.8077	0.0	1000.0
1217	842.8957	0.0	1000.0
1218	861.63513	0.0	1000.0
1219	843.77386	0.0	1000.0
1220	834.9364	0.0	1000.0
1221	936.529	0.0	1000.0
1222	933.0922	0.0	1000.0
1223	868.01074	0.0	1000.0
1224	867.1374	0.0	1000.0
1225	949.8272	0.0	1000.0
1226	878.6284	0.0	1000.0
1227	949.09656	0.0	1000.0
1228	854.9516	0.0	1000.0
1229	931.0064	0.0	1000.0
1230	820.7899	0.0	1000.0
1231	949.22205	0.0	1000.0
1232	938.9582	0.0	1000.0
1233	845.6998	0.0	1000.0
1234	969.6098	0.0	1000.0
1235	942.4229	0.0	1000.0
1236	874.69934	0.0	1000.0
1237	761.0759	0.0	1000.0
1238	918.3372	0.0	1000.0
1239	890.6882	0.0	1000.0
1240	885.0913	0.0	1000.0
1241	963.0225	0.0	1000.0
1242	958.3413	0.0	1000.0
1243	892.51324	0.0	1000.0
1244	891.57324	0.0	1000.0
1245	824.51184	0.0	1000.0
1246	866.0501	0.0	1000.0
1247	863.32434	0.0	1000.0
1248	810.30316	0.0	1000.0
1249	910.96344	0.0	1000.0
1250	962.7719	0.0	1000.0
1251	824.6019	0.0	1000.0
1252	949.093	0.0	1000.0
1253	951.8787	0.0	1000.0
1254	881.8472	0.0	1000.0
1255	843.16565	0.0	1000.0
1256	841.9134	0.0	1000.0
1257	877.6073	0.0	1000.0
1258	878.17804	0.0	1000.0
1259	821.69257	0.0	1000.0
1260	908.08777	0.0	1000.0
1261	893.32715	0.0	1000.0
1262	872.14044	0.0	1000.0
1263	970.5324	0.0	1000.0
1264	956.2667	0.0	1000.0
1265	951.4712	0.0	1000.0
1266	842.80664	0.0	1000.0
1267	947.7064	0.0	1000.0
1268	882.90063	0.0	1000.0
1269	857.60144	0.0	1000.0
1270	930.29004	0.0	1000.0
1271	884.4986	0.0	1000.0
1272	800.12286	0.0	1000.0
1273	873.0333	0.0	1000.0
1274	907.1206	0.0	1000.0
1275	826.3666	0.0	1000.0
1276	807.76953	0.0	1000.0
1277	828.06354	0.0	1000.0
1278	886.89734	0.0	1000.0
1279	851.6277	0.0	1000.0
1280	858.95685	0.0	1000.0
1281	890.3142	0.0	1000.0
1282	840.7518	0.0	1000.0
1283	821.9193	0.0	1000.0
1284	911.8945	0.0	1000.0
1285	890.4403	0.0	1000.0
1286	905.93396	0.0	1000.0
1287	774.3313	0.0	1000.0
1288	920.70575	0.0	1000.0
1289	838.119	0.0	1000.0
1290	911.79047	0.0	1000.0
1291	786.574	0.0	1000.0
1292	930.6425	0.0	1000.0
1293	951.7423	0.0	1000.0
1294	797.4121	0.0	1000.0
1295	779.96185	0.0	1000.0
1296	831.6199	0.0	1000.0
1297	690.47064	0.0	1000.0
1298	883.46313	0.0	1000.0
1299	904.3742	0.0	1000.0
1300	865.6245	0.0	1000.0
1301	955.21216	0.0	1000.0
1302	806.66626	0.0	1000.0
1303	959.1206	0.0	1000.0
1304	851.6391	0.0	1000.0
1305	881.396	0.0	1000.0
1306	907.7606	0.0	1000.0
1307	938.5586	0.0	1000.0
1308	925.5174	0.0	1000.0
1309	899.0467	0.0	1000.0
1310	913.6553	0.0	1000.0
1311	889.9679	0.0	1000.0
1312	932.1339	0.0	1000.0
1313	846.06055	0.0	1000.0
1314	855.7534	0.0	1000.0
1315	857.5001	0.0	1000.0
1316	928.29224	0.0	1000.0
1317	868.406	0.0	1000.0
1318	933.43854	0.0	1000.0
1319	938.6866	0.0	1000.0
1320	821.44507	0.0	1000.0
1321	973.1595	0.0	1000.0
1322	879.4844	0.0	1000.0
1323	837.1179	0.0	1000.0
1324	868.43756	0.0	1000.0
1325	868.5171	0.0	1000.0
1326	891.55133	0.0	1000.0
1327	816.14703	0.0	1000.0
1328	866.8699	0.0	1000.0
1329	943.2217	0.0	1000.0
1330	835.8437	0.0	1000.0
1331	849.54016	0.0	1000.0
1332	787.4098	0.0	1000.0
1333	919.6646	0.0	1000.0
1334	919.30975	0.0	1000.0
1335	832.75946	0.0	1000.0
1336	909.9795	0.0	1000.0
1337	860.66797	0.0	1000.0
1338	917.02374	0.0	1000.0
1339	795.54614	0.0	1000.0
1340	773.29364	0.0	1000.0
1341	849.44727	0.0	1000.0
1342	893.3202	0.0	1000.0
1343	895.3794	0.0	1000.0
1344	908.09534	0.0	1000.0
1345	897.8124	0.0	1000.0
1346	889.2734	0.0	1000.0
1347	887.31006	0.0	1000.0
1348	932.99445	0.0	1000.0
1349	819.6982	0.0	1000.0
1350	957.52856	0.0	1000.0
1351	966.52606	0.0	1000.0
1352	975.6259	0.0	1000.0
1353	882.6695	0.0	1000.0
1354	903.03235	0.0	1000.0
1355	840.6278	0.0	1000.0
1356	860.2703	0.0	1000.0
1357	909.3017	0.0	1000.0
1358	835.01953	0.0	1000.0
1359	975.42975	0.0	1000.0
1360	795.1087	0.0	1000.0
1361	772.09283	0.0	1000.0
1362	889.8656	0.0	1000.0
1363	997.1482	0.0	1000.0
1364	936.57	0.0	1000.0
1365	973.6889	0.0	1000.0
1366	841.4344	0.0	1000.0
1367	829.3051	0.0	1000.0
1368	825.2436	0.0	1000.0
1369	825.48065	0.0	1000.0
1370	930.1522	0.0	1000.0
1371	841.049	0.0	1000.0
1372	854.8292	0.0	1000.0
1373	1004.05914	0.0	1000.0
1374	927.8736	0.0	1000.0
1375	945.4179	0.0	1000.0
1376	890.267	0.0	1000.0
1377	984.64545	0.0	1000.0
1378	886.891	0.0	1000.0
1379	795.0229	0.0	1000.0
1380	793.2477	0.0	1000.0
1381	954.0638	0.0	1000.0
1382	963.03204	0.0	1000.0
1383	914.33606	0.0	1000.0
1384	862.2476	0.0	1000.0
1385	904.5716	0.0	1000.0
1386	880.82104	0.0	1000.0
1387	955.90735	0.0	1000.0
1388	905.4793	0.0	1000.0
1389	946.569	0.0	1000.0
1390	935.4393	0.0	1000.0
1391	933.9628	0.0	1000.0
1392	946.8589	0.0	1000.0
1393	883.4713	0.0	1000.0
1394	935.3376	0.0	1000.0
1395	906.74506	0.0	1000.0
1396	991.1832	0.0	1000.0
1397	913.64825	0.0	1000.0
1398	962.63367	0.0	1000.0
1399	1010.84467	0.0	1000.0
1400	968.47144	0.0	1000.0
1401	790.1815	0.0	1000.0
1402	853.00195	0.0	1000.0
1403	910.0992	0.0	1000.0
1404	896.66724	0.0	1000.0
1405	823.07227	0.0	1000.0
1406	920.5831	0.0	1000.0
1407	1014.126	0.0	1000.0
1408	801.61487	0.0	1000.0
1409	909.6935	0.0	1000.0
1410	916.46326	0.0	1000.0
1411	878.5201	0.0	1000.0
1412	928.4596	0.0	1000.0
1413	892.3144	0.0	1000.0
1414	900.6921	0.0	1000.0
1415	854.93085	0.0	1000.0
1416	969.7918	0.0	1000.0
1417	950.6734	0.0	1000.0
1418	910.75665	0.0	1000.0
1419	796.39124	0.0	1000.0
1420	243.85867	0.0	249.0
1421	927.58655	0.0	1000.0
1422	870.9508	0.0	1000.0
1423	929.8591	0.0	1000.0
1424	892.4241	0.0	1000.0
1425	958.1081	0.0	1000.0
1426	959.47723	0.0	1000.0
1427	964.6031	0.0	1000.0
1428	947.9713	0.0	1000.0
1429	910.5358	0.0	1000.0
1430	909.0788	0.0	1000.0
1431	822.5511	0.0	1000.0
1432	871.03766	0.0	1000.0
1433	951.34283	0.0	1000.0
1434	723.7797	0.0	1000.0
1435	977.4445	0.0	1000.0
1436	889.5949	0.0	1000.0
1437	1015.06604	0.0	1000.0
1438	950.8152	0.0	1000.0
1439	871.78033	0.0	1000.0
1440	864.5061	0.0	1000.0
1441	868.2898	0.0	1000.0
1442	796.54376	0.0	1000.0
1443	857.3873	0.0	1000.0
1444	967.55457	0.0	1000.0
1445	957.3826	0.0	1000.0
1446	958.2933	0.0	1000.0
1447	896.52423	0.0	1000.0
1448	946.97614	0.0	1000.0
1449	992.1438	0.0	1000.0
1450	899.13904	0.0	1000.0
1451	915.10565	0.0	1000.0
1452	816.3549	0.0	1000.0
1453	958.9616	0.0	1000.0
1454	821.2849	0.0	1000.0
1455	844.2218	0.0	1000.0
1456	921.37823	0.0	1000.0
1457	920.46906	0.0	1000.0
1458	1050.1582	0.0	1000.0
1459	942.3301	0.0	1000.0
1460	846.2855	0.0	1000.0
1461	923.80066	0.0	1000.0
1462	969.0951	0.0	1000.0
1463	945.33655	0.0	1000.0
1464	994.7229	0.0	1000.0
1465	948.2771	0.0	1000.0
1466	889.9229	0.0	1000.0
1467	950.71967	0.0	1000.0
1468	992.9576	0.0	1000.0
1469	809.4048	0.0	1000.0
1470	886.4873	0.0	1000.0
1471	887.5846	0.0	1000.0
1472	939.14233	0.0	1000.0
1473	802.0185	0.0	1000.0
1474	869.8326	0.0	1000.0
1475	851.5426	0.0	1000.0
1476	904.4766	0.0	1000.0
1477	996.65063	0.0	1000.0
1478	783.84	0.0	1000.0
1479	938.3367	0.0	1000.0
1480	952.2015	0.0	1000.0
1481	878.0523	0.0	1000.0
1482	953.86975	0.0	1000.0
1483	917.1585	0.0	1000.0
1484	919.1076	0.0	1000.0
1485	930.14355	0.0	1000.0
1486	829.5502	0.0	1000.0
1487	795.4947	0.0	1000.0
1488	935.44336	0.0	1000.0
1489	984.01624	0.0	1000.0
1490	942.99615	0.0	1000.0
1491	935.4427	0.0	1000.0
1492	864.6297	0.0	1000.0
1493	874.41144	0.0	1000.0
1494	885.65607	0.0	1000.0
1495	925.24976	0.0	1000.0
1496	895.3095	0.0	1000.0
1497	830.4185	0.0	1000.0
1498	920.2954	0.0	1000.0
1499	834.81085	0.0	1000.0
1500	888.0418	0.0	1000.0
1501	808.56366	0.0	1000.0
1502	972.0141	0.0	1000.0
1503	875.89966	0.0	1000.0
1504	904.3268	0.0	1000.0
1505	867.45703	0.0	1000.0
1506	867.2947	0.0	1000.0
1507	954.9896	0.0	1000.0
1508	844.2842	0.0	1000.0
1509	857.3945	0.0	1000.0
1510	895.3988	0.0	1000.0
1511	880.2403	0.0	1000.0
1512	916.6632	0.0	1000.0
1513	936.0235	0.0	1000.0
1514	902.8303	0.0	1000.0
1515	937.6706	0.0	1000.0
1516	915.5782	0.0	1000.0
1517	927.1055	0.0	1000.0
1518	965.1467	0.0	1000.0
1519	903.91406	0.0	1000.0
1520	907.71075	0.0	1000.0
1521	939.5649	0.0	1000.0
1522	851.57043	0.0	1000.0
1523	936.77704	0.0	1000.0
1524	893.68884	0.0	1000.0
1525	954.9233	0.0	1000.0
1526	926.2093	0.0	1000.0
1527	885.4586	0.0	1000.0
1528	839.8619	0.0	1000.0
1529	932.3276	0.0	1000.0
1530	916.82495	0.0	1000.0
1531	895.97	0.0	1000.0
1532	853.96533	0.0	1000.0
1533	866.7518	0.0	1000.0
1534	867.02167	0.0	1000.0
1535	941.67645	0.0	1000.0
1536	877.1963	0.0	1000.0
1537	879.4821	0.0	1000.0
1538	890.3589	0.0	1000.0
1539	911.8678	0.0	1000.0
1540	965.1929	0.0	1000.0
1541	976.9167	0.0	1000.0
1542	909.5101	0.0	1000.0
1543	848.9067	0.0	1000.0
1544	1013.1563	0.0	1000.0
1545	890.1452	0.0	1000.0
1546	921.0397	0.0	1000.0
1547	967.6258	0.0	1000.0
1548	1003.7595	0.0	1000.0
1549	933.09796	0.0	1000.0
1550	923.30426	0.0	1000.0
1551	927.7538	0.0	1000.0
1552	890.61017	0.0	1000.0
1553	993.16907	0.0	1000.0
1554	951.3238	0.0	1000.0
1555	892.08704	0.0	1000.0
1556	1003.31683	0.0	1000.0
1557	965.7685	0.0	1000.0
1558	946.9914	0.0	1000.0
1559	884.4551	0.0	1000.0
1560	893.01263	0.0	1000.0
1561	925.30273	0.0	1000.0
1562	972.8417	0.0	1000.0
1563	929.95557	0.0	1000.0
1564	902.62006	0.0	1000.0
1565	956.88214	0.0	1000.0
1566	927.8121	0.0	1000.0
1567	930.76794	0.0	1000.0
1568	1002.3508	0.0	1000.0
1569	1021.2181	0.0	1000.0
1570	934.5595	0.0	1000.0
1571	871.03845	0.0	1000.0
1572	986.8622	0.0	1000.0
1573	940.78784	0.0	1000.0
1574	901.429	0.0	1000.0
1575	876.3586	0.0	1000.0
1576	927.0224	0.0	1000.0
1577	972.3449	0.0	1000.0
1578	1053.4646	0.0	1000.0
1579	897.3685	0.0	1000.0
1580	896.47296	0.0	1000.0
1581	821.15955	0.0	1000.0
1582	905.99066	0.0	1000.0
1583	1085.3564	0.0	1000.0
1584	861.0335	0.0	1000.0
1585	1061.5172	0.0	1000.0
1586	983.26996	0.0	1000.0
1587	1049.7706	0.0	1000.0
1588	985.435	0.0	1000.0
1589	811.5383	0.0	1000.0
1590	935.5842	0.0	1000.0
1591	784.16925	0.0	1000.0
1592	864.7846	0.0	1000.0
1593	849.6698	0.0	1000.0
1594	869.5933	0.0	1000.0
1595	941.56836	0.0	1000.0
1596	966.6603	0.0	1000.0
1597	798.0686	0.0	1000.0
1598	958.9183	0.0	1000.0
1599	899.0236	0.0	1000.0
1600	911.2787	0.0	1000.0
1601	934.1371	0.0	1000.0
1602	978.4928	0.0	1000.0
1603	1046.107	0.0	1000.0
1604	896.76184	0.0	1000.0
1605	938.3885	0.0	1000.0
1606	1022.40594	0.0	1000.0
1607	938.09265	0.0	1000.0
1608	907.55023	0.0	1000.0
1609	972.0231	0.0	1000.0
1610	920.91815	0.0	1000.0
1611	843.3615	0.0	1000.0
1612	929.0384	0.0	1000.0
1613	857.44696	0.0	1000.0
1614	993.543	0.0	1000.0
1615	955.7156	0.0	1000.0
1616	906.376	0.0	1000.0
1617	939.13745	0.0	1000.0
1618	979.9756	0.0	1000.0
1619	938.851	0.0	1000.0
1620	939.51587	0.0	1000.0
1621	936.8948	0.0	1000.0
1622	916.7139	0.0	1000.0
1623	848.7339	0.0	1000.0
1624	960.88873	0.0	1000.0
1625	852.05304	0.0	1000.0
1626	997.8107	0.0	1000.0
1627	956.2133	0.0	1000.0
1628	918.6972	0.0	1000.0
1629	1002.1066	0.0	1000.0
1630	956.8348	0.0	1000.0
1631	840.1167	0.0	1000.0
1632	985.75323	0.0	1000.0
1633	907.4344	0.0	1000.0
1634	834.1495	0.0	1000.0
1635	945.3398	0.0	1000.0
1636	962.7301	0.0	1000.0
1637	957.4715	0.0	1000.0
1638	975.79285	0.0	1000.0
1639	937.2668	0.0	1000.0
1640	1025.3228	0.0	1000.0
1641	914.4506	0.0	1000.0
1642	894.3902	0.0	1000.0
1643	1084.4042	0.0	1000.0
1644	826.837	0.0	1000.0
1645	965.34436	0.0	1000.0
1646	900.6289	0.0	1000.0
1647	994.8117	0.0	1000.0
1648	959.7379	0.0	1000.0
1649	723.3106	0.0	1000.0
1650	939.9755	0.0	1000.0
1651	965.7192	0.0	1000.0
1652	928.24866	0.0	1000.0
1653	921.7888	0.0	1000.0
1654	983.5619	0.0	1000.0
1655	886.20105	0.0	1000.0
1656	858.6419	0.0	1000.0
1657	848.7345	0.0	1000.0
1658	831.3444	0.0	1000.0
1659	933.72455	0.0	1000.0
1660	899.2432	0.0	1000.0
1661	916.8423	0.0	1000.0
1662	920.5304	0.0	1000.0
1663	1038.1893	0.0	1000.0
1664	873.8926	0.0	1000.0
1665	914.6684	0.0	1000.0
1666	924.44055	0.0	1000.0
1667	948.33765	0.0	1000.0
1668	931.2688	0.0	1000.0
1669	880.2278	0.0	1000.0
1670	893.6524	0.0	1000.0
1671	914.18665	0.0	1000.0
1672	1015.0469	0.0	1000.0
1673	934.8707	0.0	1000.0
1674	976.4526	0.0	1000.0
1675	905.3631	0.0	1000.0
1676	904.2042	0.0	1000.0
1677	885.95123	0.0	1000.0
1678	982.37463	0.0	1000.0
1679	925.3501	0.0	1000.0
1680	920.37134	0.0	1000.0
1681	935.0503	0.0	1000.0
1682	874.95386	0.0	1000.0
1683	894.52277	0.0	1000.0
1684	880.12555	0.0	1000.0
1685	877.92017	0.0	1000.0
1686	835.57245	0.0	1000.0
1687	852.1867	0.0	1000.0
1688	880.22943	0.0	1000.0
1689	1024.9677	0.0	1000.0
1690	599.6965	0.0	1000.0
1691	1016.4453	0.0	1000.0
1692	981.9966	0.0	1000.0
1693	879.7986	0.0	1000.0
1694	1039.4545	0.0	1000.0
1695	940.9973	0.0	1000.0
1696	971.80475	0.0	1000.0
1697	891.9758	0.0	1000.0
1698	866.1889	0.0	1000.0
1699	903.9538	0.0	1000.0
1700	912.9465	0.0	1000.0
1701	937.1856	0.0	1000.0
1702	859.0161	0.0	1000.0
1703	941.8984	0.0	1000.0
1704	988.29236	0.0	1000.0
1705	993.0235	0.0	1000.0
1706	943.9522	0.0	1000.0
1707	958.31946	0.0	1000.0
1708	905.81104	0.0	1000.0
1709	1011.2033	0.0	1000.0
1710	975.523	0.0	1000.0
1711	887.1184	0.0	1000.0
1712	961.5929	0.0	1000.0
1713	934.78784	0.0	1000.0
1714	896.8622	0.0	1000.0
1715	1008.16144	0.0	1000.0
1716	854.1487	0.0	1000.0
1717	855.36304	0.0	1000.0
1718	893.7911	0.0	1000.0
1719	939.50214	0.0	1000.0
1720	874.6865	0.0	1000.0
1721	1031.6935	0.0	1000.0
1722	922.9935	0.0	1000.0
1723	921.19653	0.0	1000.0
1724	983.51416	0.0	1000.0
1725	960.7701	0.0	1000.0
1726	937.1887	0.0	1000.0
1727	897.42755	0.0	1000.0
1728	980.24176	0.0	1000.0
1729	926.92993	0.0	1000.0
1730	828.27814	0.0	1000.0
1731	950.43616	0.0	1000.0
1732	975.98553	0.0	1000.0
1733	941.18085	0.0	1000.0
1734	959.01074	0.0	1000.0
1735	921.77875	0.0	1000.0
1736	963.3645	0.0	1000.0
1737	877.7428	0.0	1000.0
1738	899.03076	0.0	1000.0
1739	1046.2711	0.0	1000.0
1740	799.7039	0.0	1000.0
1741	833.4813	0.0	1000.0
1742	1023.251	0.0	1000.0
1743	802.34314	0.0	1000.0
1744	896.0048	0.0	1000.0
1745	891.79205	0.0	1000.0
1746	909.83856	0.0	1000.0
1747	1053.8756	0.0	1000.0
1748	1051.979	0.0	1000.0
1749	992.7369	0.0	1000.0
1750	923.87427	0.0	1000.0
1751	961.2427	0.0	1000.0
1752	972.466	0.0	1000.0
1753	1036.7012	0.0	1000.0
1754	1004.79193	0.0	1000.0
1755	972.4252	0.0	1000.0
1756	889.02856	0.0	1000.0
1757	996.0418	0.0	1000.0
1758	788.76404	0.0	1000.0
1759	969.44916	0.0	1000.0
1760	944.10474	0.0	1000.0
1761	983.4471	0.0	1000.0
1762	969.53174	0.0	1000.0
1763	910.9929	0.0	1000.0
1764	1040.5343	0.0	1000.0
1765	959.9293	0.0	1000.0
1766	817.3049	0.0	1000.0
1767	959.8812	0.0	1000.0
1768	971.8965	0.0	1000.0
1769	973.29407	0.0	1000.0
1770	904.26166	0.0	1000.0
1771	1012.963	0.0	1000.0
1772	1030.3483	0.0	1000.0
1773	1000.6066	0.0	1000.0
1774	971.15155	0.0	1000.0
1775	909.6391	0.0	1000.0
1776	766.3563	0.0	1000.0
1777	934.933	0.0	1000.0
1778	867.3638	0.0	1000.0
1779	953.39453	0.0	1000.0
1780	998.2844	0.0	1000.0
1781	923.4544	0.0	1000.0
1782	917.1441	0.0	1000.0
1783	912.09814	0.0	1000.0
1784	937.4139	0.0	1000.0
1785	989.77344	0.0	1000.0
1786	995.3449	0.0	1000.0
1787	913.91986	0.0	1000.0
1788	940.2962	0.0	1000.0
1789	967.1218	0.0	1000.0
1790	960.05414	0.0	1000.0
1791	1075.3257	0.0	1000.0
1792	1067.4337	0.0	1000.0
1793	1018.67444	0.0	1000.0
1794	971.5207	0.0	1000.0
1795	1026.9431	0.0	1000.0
1796	964.0513	0.0	1000.0
1797	965.3149	0.0	1000.0
1798	982.2942	0.0	1000.0
1799	917.13824	0.0	1000.0
1800	951.3809	0.0	1000.0
1801	867.57635	0.0	1000.0
1802	927.7944	0.0	1000.0
1803	1021.36896	0.0	1000.0
1804	861.0804	0.0	1000.0
1805	1074.3048	0.0	1000.0
1806	974.32855	0.0	1000.0
1807	984.19354	0.0	1000.0
1808	966.28436	0.0	1000.0
1809	892.2591	0.0	1000.0
1810	1048.8514	0.0	1000.0
1811	983.8782	0.0	1000.0
1812	987.1078	0.0	1000.0
1813	906.467	0.0	1000.0
1814	945.1893	0.0	1000.0
1815	1023.15674	0.0	1000.0
1816	953.7898	0.0	1000.0
1817	977.6279	0.0	1000.0
1818	960.32904	0.0	1000.0
1819	856.9367	0.0	1000.0
1820	1086.8484	0.0	1000.0
1821	958.8005	0.0	1000.0
1822	878.1365	0.0	1000.0
1823	1088.7909	0.0	1000.0
1824	1035.7657	0.0	1000.0
1825	941.3171	0.0	1000.0
1826	1045.3027	0.0	1000.0
1827	777.812	0.0	1000.0
1828	955.0275	0.0	1000.0
1829	945.8605	0.0	1000.0
1830	759.3826	0.0	1000.0
1831	996.16644	0.0	1000.0
1832	942.6959	0.0	1000.0
1833	771.1013	0.0	1000.0
1834	1051.2345	0.0	1000.0
1835	853.11523	0.0	1000.0
1836	824.82983	0.0	1000.0
1837	949.18286	0.0	1000.0
1838	865.4652	0.0	1000.0
1839	1060.0424	0.0	1000.0
1840	920.61444	0.0	1000.0
1841	978.6301	0.0	1000.0
1842	1084.7639	0.0	1000.0
1843	1094.7184	0.0	1000.0
1844	951.4025	0.0	1000.0
1845	1064.5135	0.0	1000.0
1846	979.4916	0.0	1000.0
1847	1042.8474	0.0	1000.0
1848	841.6113	0.0	1000.0
1849	963.7737	0.0	1000.0
1850	1041.5105	0.0	1000.0
1851	1167.1481	0.0	1000.0
1852	1038.437	0.0	1000.0
1853	1116.788	0.0	1000.0
1854	1143.8015	0.0	1000.0
1855	1151.7906	0.0	1000.0
1856	1116.9597	0.0	1000.0
1857	697.11694	0.0	1000.0
1858	946.81305	0.0	1000.0
1859	1028.0282	0.0	1000.0
1860	905.6653	0.0	1000.0
1861	1179.2614	0.0	1000.0
1862	903.09875	0.0	1000.0
1863	936.8995	0.0	1000.0
1864	945.3795	0.0	1000.0
1865	975.1697	0.0	1000.0
1866	1067.4286	0.0	1000.0
1867	934.1149	0.0	1000.0
1868	872.9284	0.0	1000.0
1869	1070.9316	0.0	1000.0
1870	1137.3519	0.0	1000.0
1871	1087.4396	0.0	1000.0
1872	1133.8376	0.0	1000.0
1873	979.94867	0.0	1000.0
1874	917.8455	0.0	1000.0
1875	996.68427	0.0	1000.0
1876	828.43164	0.0	1000.0
1877	1112.0068	0.0	1000.0
1878	1025.6204	0.0	1000.0
1879	837.37054	0.0	1000.0
1880	1038.733	0.0	1000.0
1881	897.0313	0.0	1000.0
1882	943.0643	0.0	1000.0
1883	914.6833	0.0	1000.0
1884	1089.3221	0.0	1000.0
1885	1042.2078	0.0	1000.0
1886	1008.79724	0.0	1000.0
1887	935.4821	0.0	1000.0
1888	1141.6791	0.0	1000.0
1889	965.8454	0.0	1000.0
1890	937.4049	0.0	1000.0
1891	984.1344	0.0	1000.0
1892	990.76196	0.0	1000.0
1893	952.1495	0.0	1000.0
1894	1030.8954	0.0	1000.0
1895	955.07404	0.0	1000.0
1896	921.06396	0.0	1000.0
1897	888.9741	0.0	1000.0
1898	1069.2289	0.0	1000.0
1899	937.1239	0.0	1000.0
1900	1017.8293	0.0	1000.0
1901	910.1798	0.0	1000.0
1902	936.59735	0.0	1000.0
1903	864.8503	0.0	1000.0
1904	1024.7509	0.0	1000.0
1905	980.81946	0.0	1000.0
1906	1002.02026	0.0	1000.0
1907	958.52	0.0	1000.0
1908	873.8061	0.0	1000.0
1909	922.1623	0.0	1000.0
1910	927.2784	0.0	1000.0
1911	1014.5226	0.0	1000.0
1912	887.85236	0.0	1000.0
1913	941.8698	0.0	1000.0
1914	923.3819	0.0	1000.0
1915	923.6691	0.0	1000.0
1916	971.4682	0.0	1000.0
1917	929.33527	0.0	1000.0
1918	1069.6578	0.0	1000.0
1919	851.71875	0.0	1000.0
1920	903.29474	0.0	1000.0
1921	980.55646	0.0	1000.0
1922	873.0818	0.0	1000.0
1923	986.63824	0.0	1000.0
1924	1131.9646	0.0	1000.0
1925	1077.7924	0.0	1000.0
1926	1074.4512	0.0	1000.0
1927	1048.3696	0.0	1000.0
1928	950.1442	0.0	1000.0
1929	1098.4425	0.0	1000.0
1930	1042.865	0.0	1000.0
1931	925.7586	0.0	1000.0
1932	921.931	0.0	1000.0
1933	1015.45514	0.0	1000.0
1934	955.6465	0.0	1000.0
1935	908.779	0.0	1000.0
1936	1091.156	0.0	1000.0
1937	970.05475	0.0	1000.0
1938	1082.422	0.0	1000.0
1939	1005.37646	0.0	1000.0
1940	796.9405	0.0	1000.0
1941	966.54047	0.0	1000.0
1942	961.3733	0.0	1000.0
1943	1003.9681	0.0	1000.0
1944	1118.9553	0.0	1000.0
1945	1146.8748	0.0	1000.0
1946	1147.3491	0.0	1000.0
1947	970.5081	0.0	1000.0
1948	1001.2365	0.0	1000.0
1949	927.5112	0.0	1000.0
1950	945.5735	0.0	1000.0
1951	1066.5472	0.0	1000.0
1952	966.8833	0.0	1000.0
1953	1033.29	0.0	1000.0
1954	1081.4856	0.0	1000.0
1955	979.46576	0.0	1000.0
1956	949.7693	0.0	1000.0
1957	918.2091	0.0	1000.0
1958	936.9734	0.0	1000.0
1959	1011.36365	0.0	1000.0
1960	919.4963	0.0	1000.0
1961	905.12225	0.0	1000.0
1962	939.2149	0.0	1000.0
1963	1058.9844	0.0	1000.0
1964	889.1201	0.0	1000.0
1965	993.8251	0.0	1000.0
1966	900.02936	0.0	1000.0
1967	874.14575	0.0	1000.0
1968	880.40564	0.0	1000.0
1969	981.7854	0.0	1000.0
1970	822.5882	0.0	1000.0
1971	862.89307	0.0	1000.0
1972	883.84796	0.0	1000.0
1973	890.2788	0.0	1000.0
1974	836.0222	0.0	1000.0
1975	937.86176	0.0	1000.0
1976	840.32587	0.0	1000.0
1977	881.713	0.0	1000.0
1978	945.68787	0.0	1000.0
1979	884.0068	0.0	1000.0
1980	886.14276	0.0	1000.0
1981	936.9697	0.0	1000.0
1982	1039.4396	0.0	1000.0
1983	874.2146	0.0	1000.0
1984	937.42255	0.0	1000.0
1985	892.51215	0.0	1000.0
1986	949.93665	0.0	1000.0
1987	999.0385	0.0	1000.0
1988	933.68713	0.0	1000.0
1989	908.2519	0.0	1000.0
1990	936.7067	0.0	1000.0
1991	952.4105	0.0	1000.0
1992	917.98224	0.0	1000.0
1993	1019.73285	0.0	1000.0
1994	983.91785	0.0	1000.0
1995	1192.3218	0.0	1000.0
1996	1005.4138	0.0	1000.0
1997	965.7205	0.0	1000.0
1998	891.2644	0.0	1000.0
1999	1054.2357	0.0	1000.0
