Epoch	AverageEpReturns	StdEpReturns	MaxEpReturns	MinEpReturns	EpSteps
0	79.634094	44.743797	130.05275	21.311617	185.66667
1	312.10355	0.0	312.10355	312.10355	618.0
2	462.07016	0.0	462.07016	462.07016	1000.0
3	452.62146	0.0	452.62146	452.62146	1000.0
4	477.70007	0.0	477.70007	477.70007	1000.0
5	3.346781	0.0	3.346781	3.346781	21.0
6	445.1088	0.0	445.1088	445.1088	1000.0
7	399.85873	0.0	399.85873	399.85873	1000.0
8	164.81364	0.0	164.81364	164.81364	327.0
9	522.88574	0.0	522.88574	522.88574	1000.0
10	480.21982	0.0	480.21982	480.21982	1000.0
11	412.16968	0.0	412.16968	412.16968	1000.0
12	500.40195	0.0	500.40195	500.40195	1000.0
13	326.3018	0.0	326.3018	326.3018	1000.0
14	148.9523	0.0	148.9523	148.9523	308.0
15	428.96625	0.0	428.96625	428.96625	1000.0
16	407.30542	0.0	407.30542	407.30542	1000.0
17	517.0352	0.0	517.0352	517.0352	1000.0
18	443.49014	0.0	443.49014	443.49014	1000.0
19	120.22223	86.21073	249.60045	16.435646	243.0
20	542.77185	0.0	542.77185	542.77185	1000.0
21	470.69138	0.0	470.69138	470.69138	1000.0
22	530.35657	0.0	530.35657	530.35657	1000.0
23	508.80115	0.0	508.80115	508.80115	1000.0
24	363.14285	0.0	363.14285	363.14285	1000.0
25	486.50372	0.0	486.50372	486.50372	1000.0
26	571.93243	0.0	571.93243	571.93243	1000.0
27	511.0115	0.0	511.0115	511.0115	1000.0
28	449.37512	0.0	449.37512	449.37512	1000.0
29	514.9023	0.0	514.9023	514.9023	1000.0
30	531.92645	0.0	531.92645	531.92645	1000.0
31	492.1219	0.0	492.1219	492.1219	1000.0
32	556.42773	0.0	556.42773	556.42773	1000.0
33	503.8718	0.0	503.8718	503.8718	1000.0
34	434.02747	0.0	434.02747	434.02747	798.0
35	532.3262	0.0	532.3262	532.3262	1000.0
36	614.47974	0.0	614.47974	614.47974	1000.0
37	595.1701	0.0	595.1701	595.1701	1000.0
38	275.33624	0.0	275.33624	275.33624	445.0
39	162.63937	0.0	162.63937	162.63937	288.0
40	551.0119	0.0	551.0119	551.0119	1000.0
41	561.0507	0.0	561.0507	561.0507	1000.0
42	187.50238	52.437927	239.9403	135.06445	291.0
43	447.13474	0.0	447.13474	447.13474	1000.0
44	175.13622	0.0	175.13622	175.13622	238.0
45	550.96875	0.0	550.96875	550.96875	1000.0
46	564.94464	0.0	564.94464	564.94464	1000.0
47	534.97754	0.0	534.97754	534.97754	1000.0
48	586.8669	0.0	586.8669	586.8669	1000.0
49	529.5319	0.0	529.5319	529.5319	1000.0
50	574.55133	0.0	574.55133	574.55133	1000.0
51	596.51166	0.0	596.51166	596.51166	1000.0
52	590.10046	0.0	590.10046	590.10046	1000.0
53	539.62897	0.0	539.62897	539.62897	1000.0
54	583.28143	0.0	583.28143	583.28143	1000.0
55	623.62085	0.0	623.62085	623.62085	1000.0
56	583.6803	0.0	583.6803	583.6803	1000.0
57	610.695	0.0	610.695	610.695	1000.0
58	564.3171	0.0	564.3171	564.3171	1000.0
59	606.3094	0.0	606.3094	606.3094	1000.0
60	617.1689	0.0	617.1689	617.1689	1000.0
61	680.27014	0.0	680.27014	680.27014	1000.0
62	621.6511	0.0	621.6511	621.6511	1000.0
63	540.8388	0.0	540.8388	540.8388	1000.0
64	615.4409	0.0	615.4409	615.4409	984.0
65	684.7109	0.0	684.7109	684.7109	1000.0
66	656.4768	0.0	656.4768	656.4768	1000.0
67	579.921	0.0	579.921	579.921	1000.0
68	680.90515	0.0	680.90515	680.90515	1000.0
69	609.6202	0.0	609.6202	609.6202	1000.0
70	689.91736	0.0	689.91736	689.91736	1000.0
71	703.9782	0.0	703.9782	703.9782	1000.0
72	645.3948	0.0	645.3948	645.3948	1000.0
73	664.2006	0.0	664.2006	664.2006	1000.0
74	612.88226	0.0	612.88226	612.88226	1000.0
75	619.13586	0.0	619.13586	619.13586	1000.0
76	673.29224	0.0	673.29224	673.29224	1000.0
77	703.66003	0.0	703.66003	703.66003	1000.0
78	619.2398	0.0	619.2398	619.2398	1000.0
79	718.7018	0.0	718.7018	718.7018	1000.0
80	654.3169	0.0	654.3169	654.3169	1000.0
81	751.0565	0.0	751.0565	751.0565	1000.0
82	644.66113	0.0	644.66113	644.66113	1000.0
83	683.2215	0.0	683.2215	683.2215	1000.0
84	625.0137	0.0	625.0137	625.0137	1000.0
85	682.33105	0.0	682.33105	682.33105	1000.0
86	687.7372	0.0	687.7372	687.7372	1000.0
87	700.4346	0.0	700.4346	700.4346	1000.0
88	716.7444	0.0	716.7444	716.7444	1000.0
89	659.45044	0.0	659.45044	659.45044	1000.0
90	749.9007	0.0	749.9007	749.9007	1000.0
91	708.8611	0.0	708.8611	708.8611	1000.0
92	725.0193	0.0	725.0193	725.0193	1000.0
93	750.67017	0.0	750.67017	750.67017	1000.0
94	693.7826	0.0	693.7826	693.7826	1000.0
95	699.2672	0.0	699.2672	699.2672	1000.0
96	689.21954	0.0	689.21954	689.21954	1000.0
97	755.24365	0.0	755.24365	755.24365	1000.0
98	751.50305	0.0	751.50305	751.50305	1000.0
99	712.257	0.0	712.257	712.257	1000.0
100	728.3436	0.0	728.3436	728.3436	1000.0
101	723.67017	0.0	723.67017	723.67017	1000.0
102	750.71405	0.0	750.71405	750.71405	1000.0
103	705.12897	0.0	705.12897	705.12897	1000.0
104	767.46313	0.0	767.46313	767.46313	1000.0
105	769.8359	0.0	769.8359	769.8359	1000.0
106	717.3196	0.0	717.3196	717.3196	1000.0
107	734.1756	0.0	734.1756	734.1756	1000.0
108	747.81995	0.0	747.81995	747.81995	1000.0
109	762.1331	0.0	762.1331	762.1331	1000.0
110	802.1001	0.0	802.1001	802.1001	1000.0
111	695.5763	0.0	695.5763	695.5763	1000.0
112	731.76355	0.0	731.76355	731.76355	1000.0
113	763.4677	0.0	763.4677	763.4677	1000.0
114	798.7075	0.0	798.7075	798.7075	1000.0
115	795.5167	0.0	795.5167	795.5167	1000.0
116	747.03876	0.0	747.03876	747.03876	1000.0
117	789.3242	0.0	789.3242	789.3242	1000.0
118	733.85846	0.0	733.85846	733.85846	1000.0
119	833.5577	0.0	833.5577	833.5577	1000.0
120	749.5261	0.0	749.5261	749.5261	1000.0
121	793.9903	0.0	793.9903	793.9903	1000.0
122	787.6446	0.0	787.6446	787.6446	1000.0
123	835.6735	0.0	835.6735	835.6735	1000.0
124	818.4059	0.0	818.4059	818.4059	1000.0
125	766.55597	0.0	766.55597	766.55597	1000.0
126	807.48004	0.0	807.48004	807.48004	1000.0
127	810.1545	0.0	810.1545	810.1545	1000.0
128	847.2175	0.0	847.2175	847.2175	1000.0
129	840.84204	0.0	840.84204	840.84204	1000.0
130	871.02075	0.0	871.02075	871.02075	1000.0
131	866.0359	0.0	866.0359	866.0359	1000.0
132	767.0062	0.0	767.0062	767.0062	1000.0
133	764.12476	0.0	764.12476	764.12476	1000.0
134	826.2441	0.0	826.2441	826.2441	1000.0
135	736.98785	0.0	736.98785	736.98785	1000.0
136	773.2463	0.0	773.2463	773.2463	1000.0
137	757.34247	0.0	757.34247	757.34247	1000.0
138	844.39825	0.0	844.39825	844.39825	1000.0
139	822.22516	0.0	822.22516	822.22516	1000.0
140	855.6727	0.0	855.6727	855.6727	1000.0
141	759.0334	0.0	759.0334	759.0334	1000.0
142	750.0167	0.0	750.0167	750.0167	1000.0
143	769.0622	0.0	769.0622	769.0622	1000.0
144	883.08704	0.0	883.08704	883.08704	1000.0
145	800.5209	0.0	800.5209	800.5209	1000.0
146	808.57104	0.0	808.57104	808.57104	1000.0
147	808.135	0.0	808.135	808.135	1000.0
148	819.01324	0.0	819.01324	819.01324	1000.0
149	786.11005	0.0	786.11005	786.11005	1000.0
150	770.7227	0.0	770.7227	770.7227	1000.0
151	856.727	0.0	856.727	856.727	1000.0
152	845.12604	0.0	845.12604	845.12604	1000.0
153	727.3345	0.0	727.3345	727.3345	1000.0
154	829.2507	0.0	829.2507	829.2507	1000.0
155	861.4122	0.0	861.4122	861.4122	1000.0
156	818.71906	0.0	818.71906	818.71906	1000.0
157	791.2431	0.0	791.2431	791.2431	1000.0
158	875.4751	0.0	875.4751	875.4751	1000.0
159	800.5023	0.0	800.5023	800.5023	1000.0
160	820.3545	0.0	820.3545	820.3545	1000.0
161	796.0314	0.0	796.0314	796.0314	1000.0
162	840.0473	0.0	840.0473	840.0473	1000.0
163	836.6657	0.0	836.6657	836.6657	1000.0
164	893.97076	0.0	893.97076	893.97076	1000.0
165	860.00446	0.0	860.00446	860.00446	1000.0
166	883.3432	0.0	883.3432	883.3432	1000.0
167	874.7192	0.0	874.7192	874.7192	1000.0
168	881.08405	0.0	881.08405	881.08405	1000.0
169	875.95935	0.0	875.95935	875.95935	1000.0
170	856.99915	0.0	856.99915	856.99915	1000.0
171	892.5649	0.0	892.5649	892.5649	1000.0
172	864.21967	0.0	864.21967	864.21967	1000.0
173	871.37823	0.0	871.37823	871.37823	1000.0
174	870.3417	0.0	870.3417	870.3417	1000.0
175	845.63293	0.0	845.63293	845.63293	1000.0
176	869.4266	0.0	869.4266	869.4266	1000.0
177	871.3003	0.0	871.3003	871.3003	1000.0
178	898.2933	0.0	898.2933	898.2933	1000.0
179	858.1884	0.0	858.1884	858.1884	1000.0
180	958.3857	0.0	958.3857	958.3857	1000.0
181	843.2539	0.0	843.2539	843.2539	1000.0
182	864.15607	0.0	864.15607	864.15607	1000.0
183	904.29004	0.0	904.29004	904.29004	1000.0
184	934.0187	0.0	934.0187	934.0187	1000.0
185	864.9674	0.0	864.9674	864.9674	1000.0
186	851.37695	0.0	851.37695	851.37695	1000.0
187	876.7784	0.0	876.7784	876.7784	1000.0
188	984.4399	0.0	984.4399	984.4399	1000.0
189	926.3901	0.0	926.3901	926.3901	1000.0
190	900.48975	0.0	900.48975	900.48975	1000.0
191	915.20575	0.0	915.20575	915.20575	1000.0
192	810.245	0.0	810.245	810.245	1000.0
193	848.80493	0.0	848.80493	848.80493	1000.0
194	872.00006	0.0	872.00006	872.00006	1000.0
195	861.92487	0.0	861.92487	861.92487	1000.0
196	757.44775	0.0	757.44775	757.44775	1000.0
197	924.74756	0.0	924.74756	924.74756	1000.0
198	824.33386	0.0	824.33386	824.33386	1000.0
199	909.42786	0.0	909.42786	909.42786	1000.0
200	917.00006	0.0	917.00006	917.00006	1000.0
201	856.3314	0.0	856.3314	856.3314	1000.0
202	916.394	0.0	916.394	916.394	1000.0
203	904.7662	0.0	904.7662	904.7662	1000.0
204	833.0304	0.0	833.0304	833.0304	1000.0
205	925.6056	0.0	925.6056	925.6056	1000.0
206	944.5577	0.0	944.5577	944.5577	1000.0
207	897.55054	0.0	897.55054	897.55054	1000.0
208	887.09875	0.0	887.09875	887.09875	1000.0
209	923.169	0.0	923.169	923.169	1000.0
210	945.5635	0.0	945.5635	945.5635	1000.0
211	955.1408	0.0	955.1408	955.1408	1000.0
212	892.38464	0.0	892.38464	892.38464	1000.0
213	962.60486	0.0	962.60486	962.60486	1000.0
214	940.99603	0.0	940.99603	940.99603	1000.0
215	933.18835	0.0	933.18835	933.18835	1000.0
216	948.42365	0.0	948.42365	948.42365	1000.0
217	890.37244	0.0	890.37244	890.37244	1000.0
218	963.59564	0.0	963.59564	963.59564	1000.0
219	844.2273	0.0	844.2273	844.2273	1000.0
220	956.2606	0.0	956.2606	956.2606	1000.0
221	924.8095	0.0	924.8095	924.8095	1000.0
222	885.57764	0.0	885.57764	885.57764	1000.0
223	963.64966	0.0	963.64966	963.64966	1000.0
224	871.1251	0.0	871.1251	871.1251	1000.0
225	960.7304	0.0	960.7304	960.7304	1000.0
226	919.91785	0.0	919.91785	919.91785	1000.0
227	944.1513	0.0	944.1513	944.1513	1000.0
228	935.60583	0.0	935.60583	935.60583	1000.0
229	966.3418	0.0	966.3418	966.3418	1000.0
230	942.646	0.0	942.646	942.646	1000.0
231	852.7933	0.0	852.7933	852.7933	1000.0
232	951.07043	0.0	951.07043	951.07043	1000.0
233	893.5892	0.0	893.5892	893.5892	1000.0
234	915.7087	0.0	915.7087	915.7087	1000.0
235	898.2079	0.0	898.2079	898.2079	1000.0
236	914.4659	0.0	914.4659	914.4659	1000.0
237	963.8293	0.0	963.8293	963.8293	1000.0
238	895.80115	0.0	895.80115	895.80115	1000.0
239	917.72833	0.0	917.72833	917.72833	1000.0
240	918.2836	0.0	918.2836	918.2836	1000.0
241	864.09235	0.0	864.09235	864.09235	1000.0
242	903.36127	0.0	903.36127	903.36127	1000.0
243	864.74994	0.0	864.74994	864.74994	1000.0
244	878.76886	0.0	878.76886	878.76886	1000.0
245	837.7756	0.0	837.7756	837.7756	1000.0
246	756.20685	0.0	756.20685	756.20685	1000.0
247	943.4196	0.0	943.4196	943.4196	1000.0
248	920.9465	0.0	920.9465	920.9465	1000.0
249	926.06757	0.0	926.06757	926.06757	1000.0
250	990.4908	0.0	990.4908	990.4908	1000.0
251	952.4988	0.0	952.4988	952.4988	1000.0
252	884.46405	0.0	884.46405	884.46405	1000.0
253	962.2617	0.0	962.2617	962.2617	1000.0
254	921.0919	0.0	921.0919	921.0919	1000.0
255	884.009	0.0	884.009	884.009	1000.0
256	849.4855	0.0	849.4855	849.4855	1000.0
257	926.99945	0.0	926.99945	926.99945	1000.0
258	979.9724	0.0	979.9724	979.9724	1000.0
259	889.38116	0.0	889.38116	889.38116	1000.0
260	929.5171	0.0	929.5171	929.5171	1000.0
261	905.56476	0.0	905.56476	905.56476	1000.0
262	968.69574	0.0	968.69574	968.69574	1000.0
263	893.15576	0.0	893.15576	893.15576	1000.0
264	903.1751	0.0	903.1751	903.1751	1000.0
265	933.3181	0.0	933.3181	933.3181	1000.0
266	907.4336	0.0	907.4336	907.4336	1000.0
267	905.02966	0.0	905.02966	905.02966	1000.0
268	957.75244	0.0	957.75244	957.75244	1000.0
269	961.76715	0.0	961.76715	961.76715	1000.0
270	896.1143	0.0	896.1143	896.1143	1000.0
271	924.7691	0.0	924.7691	924.7691	1000.0
272	920.04193	0.0	920.04193	920.04193	1000.0
273	919.7154	0.0	919.7154	919.7154	1000.0
274	1002.6679	0.0	1002.6679	1002.6679	1000.0
275	964.6183	0.0	964.6183	964.6183	1000.0
276	995.1155	0.0	995.1155	995.1155	1000.0
277	897.06903	0.0	897.06903	897.06903	1000.0
278	956.041	0.0	956.041	956.041	1000.0
279	954.4229	0.0	954.4229	954.4229	1000.0
280	946.9288	0.0	946.9288	946.9288	1000.0
281	1003.7372	0.0	1003.7372	1003.7372	1000.0
282	984.061	0.0	984.061	984.061	1000.0
283	1042.3275	0.0	1042.3275	1042.3275	1000.0
284	1012.6867	0.0	1012.6867	1012.6867	1000.0
285	936.3315	0.0	936.3315	936.3315	1000.0
286	993.5015	0.0	993.5015	993.5015	1000.0
287	996.2247	0.0	996.2247	996.2247	1000.0
288	940.5732	0.0	940.5732	940.5732	1000.0
289	1082.2856	0.0	1082.2856	1082.2856	1000.0
290	988.01605	0.0	988.01605	988.01605	1000.0
291	945.3897	0.0	945.3897	945.3897	1000.0
292	993.63806	0.0	993.63806	993.63806	1000.0
293	961.02795	0.0	961.02795	961.02795	1000.0
294	883.57104	0.0	883.57104	883.57104	1000.0
295	956.10736	0.0	956.10736	956.10736	1000.0
296	890.1512	0.0	890.1512	890.1512	1000.0
297	944.1731	0.0	944.1731	944.1731	1000.0
298	963.36694	0.0	963.36694	963.36694	1000.0
299	977.95294	0.0	977.95294	977.95294	1000.0
300	1000.696	0.0	1000.696	1000.696	1000.0
301	943.4403	0.0	943.4403	943.4403	1000.0
302	972.70746	0.0	972.70746	972.70746	1000.0
303	985.37573	0.0	985.37573	985.37573	1000.0
304	984.55963	0.0	984.55963	984.55963	1000.0
305	896.07983	0.0	896.07983	896.07983	1000.0
306	1049.8888	0.0	1049.8888	1049.8888	1000.0
307	905.53186	0.0	905.53186	905.53186	1000.0
308	1005.0215	0.0	1005.0215	1005.0215	1000.0
309	902.89386	0.0	902.89386	902.89386	1000.0
310	1037.5425	0.0	1037.5425	1037.5425	1000.0
311	1103.9012	0.0	1103.9012	1103.9012	1000.0
312	940.43976	0.0	940.43976	940.43976	1000.0
313	1086.7603	0.0	1086.7603	1086.7603	1000.0
314	932.30084	0.0	932.30084	932.30084	1000.0
315	1054.7368	0.0	1054.7368	1054.7368	1000.0
316	1001.8727	0.0	1001.8727	1001.8727	1000.0
317	993.7161	0.0	993.7161	993.7161	1000.0
318	1036.2102	0.0	1036.2102	1036.2102	1000.0
319	958.41223	0.0	958.41223	958.41223	1000.0
320	990.56354	0.0	990.56354	990.56354	1000.0
321	992.0742	0.0	992.0742	992.0742	1000.0
322	1071.8539	0.0	1071.8539	1071.8539	1000.0
323	997.79376	0.0	997.79376	997.79376	1000.0
324	1005.4439	0.0	1005.4439	1005.4439	1000.0
325	1000.8564	0.0	1000.8564	1000.8564	1000.0
326	988.41766	0.0	988.41766	988.41766	1000.0
327	870.32263	0.0	870.32263	870.32263	1000.0
328	784.5171	0.0	784.5171	784.5171	1000.0
329	993.3176	0.0	993.3176	993.3176	1000.0
330	952.47534	0.0	952.47534	952.47534	1000.0
331	959.76984	0.0	959.76984	959.76984	1000.0
332	991.60114	0.0	991.60114	991.60114	1000.0
333	953.989	0.0	953.989	953.989	1000.0
334	994.60815	0.0	994.60815	994.60815	1000.0
335	932.30444	0.0	932.30444	932.30444	1000.0
336	976.2671	0.0	976.2671	976.2671	1000.0
337	983.16534	0.0	983.16534	983.16534	1000.0
338	1011.5657	0.0	1011.5657	1011.5657	1000.0
339	1019.88196	0.0	1019.88196	1019.88196	1000.0
340	997.5484	0.0	997.5484	997.5484	1000.0
341	905.5075	0.0	905.5075	905.5075	1000.0
342	1005.15857	0.0	1005.15857	1005.15857	1000.0
343	901.36414	0.0	901.36414	901.36414	1000.0
344	837.6072	0.0	837.6072	837.6072	1000.0
345	782.32153	0.0	782.32153	782.32153	1000.0
346	914.1483	0.0	914.1483	914.1483	1000.0
347	812.0666	0.0	812.0666	812.0666	1000.0
348	972.2462	0.0	972.2462	972.2462	1000.0
349	899.2863	0.0	899.2863	899.2863	1000.0
350	1053.2637	0.0	1053.2637	1053.2637	1000.0
351	748.572	0.0	748.572	748.572	1000.0
352	809.2799	0.0	809.2799	809.2799	1000.0
353	1027.5592	0.0	1027.5592	1027.5592	1000.0
354	699.0447	0.0	699.0447	699.0447	1000.0
355	724.5943	0.0	724.5943	724.5943	1000.0
356	989.5639	0.0	989.5639	989.5639	1000.0
357	725.2455	0.0	725.2455	725.2455	1000.0
358	965.4837	0.0	965.4837	965.4837	1000.0
359	1019.40344	0.0	1019.40344	1019.40344	1000.0
360	976.5984	0.0	976.5984	976.5984	1000.0
361	1027.3695	0.0	1027.3695	1027.3695	1000.0
362	927.36896	0.0	927.36896	927.36896	1000.0
363	1048.6244	0.0	1048.6244	1048.6244	1000.0
364	855.7911	0.0	855.7911	855.7911	1000.0
365	987.5329	0.0	987.5329	987.5329	1000.0
366	981.1597	0.0	981.1597	981.1597	1000.0
367	1011.6096	0.0	1011.6096	1011.6096	1000.0
368	922.6254	0.0	922.6254	922.6254	1000.0
369	1013.8065	0.0	1013.8065	1013.8065	1000.0
370	1006.4666	0.0	1006.4666	1006.4666	1000.0
371	1040.0417	0.0	1040.0417	1040.0417	1000.0
372	1017.32043	0.0	1017.32043	1017.32043	1000.0
373	1113.2438	0.0	1113.2438	1113.2438	1000.0
374	1078.2782	0.0	1078.2782	1078.2782	1000.0
375	985.6667	0.0	985.6667	985.6667	1000.0
376	889.4577	0.0	889.4577	889.4577	1000.0
377	1040.3746	0.0	1040.3746	1040.3746	1000.0
378	1121.6453	0.0	1121.6453	1121.6453	1000.0
379	1020.8633	0.0	1020.8633	1020.8633	1000.0
380	1140.9801	0.0	1140.9801	1140.9801	1000.0
381	998.03345	0.0	998.03345	998.03345	1000.0
382	1107.447	0.0	1107.447	1107.447	1000.0
383	1033.5078	0.0	1033.5078	1033.5078	1000.0
384	1021.473	0.0	1021.473	1021.473	1000.0
385	1014.86127	0.0	1014.86127	1014.86127	1000.0
386	1049.8206	0.0	1049.8206	1049.8206	1000.0
387	978.98065	0.0	978.98065	978.98065	1000.0
388	1006.7567	0.0	1006.7567	1006.7567	1000.0
389	737.6998	0.0	737.6998	737.6998	1000.0
390	1015.8189	0.0	1015.8189	1015.8189	1000.0
391	894.3431	0.0	894.3431	894.3431	1000.0
392	970.0064	0.0	970.0064	970.0064	1000.0
393	1103.7494	0.0	1103.7494	1103.7494	1000.0
394	965.37524	0.0	965.37524	965.37524	1000.0
395	1036.9944	0.0	1036.9944	1036.9944	1000.0
396	1055.6858	0.0	1055.6858	1055.6858	1000.0
397	946.5251	0.0	946.5251	946.5251	1000.0
398	1086.0354	0.0	1086.0354	1086.0354	1000.0
399	1063.826	0.0	1063.826	1063.826	1000.0
400	1069.8688	0.0	1069.8688	1069.8688	1000.0
401	1093.0891	0.0	1093.0891	1093.0891	1000.0
402	976.5702	0.0	976.5702	976.5702	1000.0
403	883.59814	0.0	883.59814	883.59814	1000.0
404	1270.8751	0.0	1270.8751	1270.8751	1000.0
405	1087.7068	0.0	1087.7068	1087.7068	1000.0
406	1183.755	0.0	1183.755	1183.755	1000.0
407	1081.7014	0.0	1081.7014	1081.7014	1000.0
408	1144.5164	0.0	1144.5164	1144.5164	1000.0
409	1005.619	0.0	1005.619	1005.619	1000.0
410	927.3729	0.0	927.3729	927.3729	1000.0
411	1171.6881	0.0	1171.6881	1171.6881	1000.0
412	1048.3782	0.0	1048.3782	1048.3782	1000.0
413	1137.3198	0.0	1137.3198	1137.3198	1000.0
414	1177.9886	0.0	1177.9886	1177.9886	1000.0
415	1183.1274	0.0	1183.1274	1183.1274	1000.0
416	1011.53204	0.0	1011.53204	1011.53204	1000.0
417	1090.2433	0.0	1090.2433	1090.2433	1000.0
418	1191.2792	0.0	1191.2792	1191.2792	1000.0
419	1247.2876	0.0	1247.2876	1247.2876	1000.0
420	1136.7189	0.0	1136.7189	1136.7189	1000.0
421	1130.0874	0.0	1130.0874	1130.0874	1000.0
422	1158.2072	0.0	1158.2072	1158.2072	1000.0
423	1063.4773	0.0	1063.4773	1063.4773	1000.0
424	1150.9879	0.0	1150.9879	1150.9879	1000.0
425	955.79285	0.0	955.79285	955.79285	1000.0
426	1142.0475	0.0	1142.0475	1142.0475	1000.0
427	1069.1532	0.0	1069.1532	1069.1532	1000.0
428	1094.3137	0.0	1094.3137	1094.3137	1000.0
429	1104.8256	0.0	1104.8256	1104.8256	1000.0
430	1123.9882	0.0	1123.9882	1123.9882	1000.0
431	1285.9147	0.0	1285.9147	1285.9147	1000.0
432	1130.6952	0.0	1130.6952	1130.6952	1000.0
433	1197.2252	0.0	1197.2252	1197.2252	1000.0
434	1133.6431	0.0	1133.6431	1133.6431	1000.0
435	1188.6455	0.0	1188.6455	1188.6455	1000.0
436	1008.1409	0.0	1008.1409	1008.1409	1000.0
437	907.3001	0.0	907.3001	907.3001	1000.0
438	1230.9243	0.0	1230.9243	1230.9243	1000.0
439	1098.3894	0.0	1098.3894	1098.3894	1000.0
440	1069.0422	0.0	1069.0422	1069.0422	1000.0
441	954.3444	0.0	954.3444	954.3444	1000.0
442	1177.9297	0.0	1177.9297	1177.9297	1000.0
443	1200.3134	0.0	1200.3134	1200.3134	1000.0
444	1258.7687	0.0	1258.7687	1258.7687	1000.0
445	1218.7515	0.0	1218.7515	1218.7515	1000.0
446	1162.6177	0.0	1162.6177	1162.6177	1000.0
447	1083.5234	0.0	1083.5234	1083.5234	1000.0
448	1040.1648	0.0	1040.1648	1040.1648	1000.0
449	1159.0737	0.0	1159.0737	1159.0737	1000.0
450	1159.3268	0.0	1159.3268	1159.3268	1000.0
451	1200.6028	0.0	1200.6028	1200.6028	1000.0
452	1316.8882	0.0	1316.8882	1316.8882	1000.0
453	948.6597	0.0	948.6597	948.6597	1000.0
454	1081.2151	0.0	1081.2151	1081.2151	1000.0
455	1242.2509	0.0	1242.2509	1242.2509	1000.0
456	1067.28	0.0	1067.28	1067.28	1000.0
457	1202.3547	0.0	1202.3547	1202.3547	1000.0
458	1110.987	0.0	1110.987	1110.987	1000.0
459	1133.8602	0.0	1133.8602	1133.8602	1000.0
460	1104.0579	0.0	1104.0579	1104.0579	1000.0
461	1086.0818	0.0	1086.0818	1086.0818	1000.0
462	1044.901	0.0	1044.901	1044.901	1000.0
463	981.515	0.0	981.515	981.515	1000.0
464	1120.0221	0.0	1120.0221	1120.0221	1000.0
465	1019.90436	0.0	1019.90436	1019.90436	1000.0
466	1010.82544	0.0	1010.82544	1010.82544	1000.0
467	1149.2565	0.0	1149.2565	1149.2565	1000.0
468	1088.0793	0.0	1088.0793	1088.0793	1000.0
469	845.2173	0.0	845.2173	845.2173	1000.0
470	1038.549	0.0	1038.549	1038.549	1000.0
471	905.94885	0.0	905.94885	905.94885	1000.0
472	853.72754	0.0	853.72754	853.72754	1000.0
473	1141.8192	0.0	1141.8192	1141.8192	1000.0
474	1203.2039	0.0	1203.2039	1203.2039	1000.0
475	1079.0317	0.0	1079.0317	1079.0317	1000.0
476	1008.7647	0.0	1008.7647	1008.7647	1000.0
477	796.3392	0.0	796.3392	796.3392	1000.0
478	1142.9954	0.0	1142.9954	1142.9954	1000.0
479	976.01373	0.0	976.01373	976.01373	1000.0
480	990.9577	0.0	990.9577	990.9577	1000.0
481	802.2728	0.0	802.2728	802.2728	1000.0
482	962.1856	0.0	962.1856	962.1856	1000.0
483	1055.0186	0.0	1055.0186	1055.0186	1000.0
484	638.22266	0.0	638.22266	638.22266	1000.0
485	1098.7163	0.0	1098.7163	1098.7163	1000.0
486	533.50854	0.0	533.50854	533.50854	1000.0
487	1171.6769	0.0	1171.6769	1171.6769	1000.0
488	783.1955	0.0	783.1955	783.1955	1000.0
489	1171.3594	0.0	1171.3594	1171.3594	1000.0
490	938.7407	0.0	938.7407	938.7407	1000.0
491	1012.3037	0.0	1012.3037	1012.3037	1000.0
492	895.22876	0.0	895.22876	895.22876	1000.0
493	943.48553	0.0	943.48553	943.48553	1000.0
494	1046.1248	0.0	1046.1248	1046.1248	1000.0
495	1122.2201	0.0	1122.2201	1122.2201	1000.0
496	1034.7968	0.0	1034.7968	1034.7968	1000.0
497	1306.5146	0.0	1306.5146	1306.5146	1000.0
498	1039.5557	0.0	1039.5557	1039.5557	1000.0
499	897.6296	0.0	897.6296	897.6296	1000.0
500	1128.4197	0.0	1128.4197	1128.4197	1000.0
501	1319.9335	0.0	1319.9335	1319.9335	1000.0
502	1096.728	0.0	1096.728	1096.728	1000.0
503	917.5627	0.0	917.5627	917.5627	1000.0
504	1152.5306	0.0	1152.5306	1152.5306	1000.0
505	1270.606	0.0	1270.606	1270.606	1000.0
506	962.9864	0.0	962.9864	962.9864	1000.0
507	1239.1309	0.0	1239.1309	1239.1309	1000.0
508	1043.8949	0.0	1043.8949	1043.8949	1000.0
509	1362.7676	0.0	1362.7676	1362.7676	1000.0
510	925.4522	0.0	925.4522	925.4522	1000.0
511	1194.7646	0.0	1194.7646	1194.7646	1000.0
512	1322.4242	0.0	1322.4242	1322.4242	1000.0
513	1276.5514	0.0	1276.5514	1276.5514	1000.0
514	1139.7496	0.0	1139.7496	1139.7496	1000.0
515	1171.5194	0.0	1171.5194	1171.5194	1000.0
516	1352.5421	0.0	1352.5421	1352.5421	1000.0
517	1153.966	0.0	1153.966	1153.966	1000.0
518	1095.2533	0.0	1095.2533	1095.2533	1000.0
519	1237.2917	0.0	1237.2917	1237.2917	1000.0
520	1046.861	0.0	1046.861	1046.861	1000.0
521	1370.2987	0.0	1370.2987	1370.2987	1000.0
522	1319.7545	0.0	1319.7545	1319.7545	1000.0
523	1137.1772	0.0	1137.1772	1137.1772	1000.0
524	1050.1902	0.0	1050.1902	1050.1902	1000.0
525	1107.1885	0.0	1107.1885	1107.1885	1000.0
526	1306.9022	0.0	1306.9022	1306.9022	1000.0
527	1156.1759	0.0	1156.1759	1156.1759	1000.0
528	1190.677	0.0	1190.677	1190.677	1000.0
529	1148.6929	0.0	1148.6929	1148.6929	1000.0
530	1177.3467	0.0	1177.3467	1177.3467	1000.0
531	1292.9053	0.0	1292.9053	1292.9053	1000.0
532	1093.4584	0.0	1093.4584	1093.4584	1000.0
533	1408.2975	0.0	1408.2975	1408.2975	1000.0
534	1336.696	0.0	1336.696	1336.696	1000.0
535	1293.3801	0.0	1293.3801	1293.3801	1000.0
536	1275.9607	0.0	1275.9607	1275.9607	1000.0
537	1188.8049	0.0	1188.8049	1188.8049	1000.0
538	1348.2194	0.0	1348.2194	1348.2194	1000.0
539	1227.0477	0.0	1227.0477	1227.0477	1000.0
540	1426.3146	0.0	1426.3146	1426.3146	1000.0
541	1194.0997	0.0	1194.0997	1194.0997	1000.0
542	1293.493	0.0	1293.493	1293.493	1000.0
543	1396.0205	0.0	1396.0205	1396.0205	1000.0
544	1433.6453	0.0	1433.6453	1433.6453	1000.0
545	1391.9863	0.0	1391.9863	1391.9863	1000.0
546	1353.1517	0.0	1353.1517	1353.1517	1000.0
547	1370.2367	0.0	1370.2367	1370.2367	1000.0
548	1418.1124	0.0	1418.1124	1418.1124	1000.0
549	1327.4589	0.0	1327.4589	1327.4589	1000.0
550	1381.785	0.0	1381.785	1381.785	1000.0
551	1462.0215	0.0	1462.0215	1462.0215	1000.0
552	1077.9631	0.0	1077.9631	1077.9631	1000.0
553	1234.1528	0.0	1234.1528	1234.1528	1000.0
554	1556.0916	0.0	1556.0916	1556.0916	1000.0
555	1313.5588	0.0	1313.5588	1313.5588	1000.0
556	1543.6345	0.0	1543.6345	1543.6345	1000.0
557	1462.0604	0.0	1462.0604	1462.0604	1000.0
558	1465.0966	0.0	1465.0966	1465.0966	1000.0
559	1381.5669	0.0	1381.5669	1381.5669	1000.0
560	1485.8945	0.0	1485.8945	1485.8945	1000.0
561	1078.4163	0.0	1078.4163	1078.4163	1000.0
562	1494.499	0.0	1494.499	1494.499	1000.0
563	1508.1837	0.0	1508.1837	1508.1837	1000.0
564	1446.3167	0.0	1446.3167	1446.3167	1000.0
565	1462.2941	0.0	1462.2941	1462.2941	1000.0
566	1545.1892	0.0	1545.1892	1545.1892	1000.0
567	714.84503	0.0	714.84503	714.84503	1000.0
568	1467.1956	0.0	1467.1956	1467.1956	1000.0
569	1089.9021	0.0	1089.9021	1089.9021	1000.0
570	1268.7122	0.0	1268.7122	1268.7122	1000.0
571	1331.2036	0.0	1331.2036	1331.2036	1000.0
572	1491.3958	0.0	1491.3958	1491.3958	1000.0
573	1493.325	0.0	1493.325	1493.325	1000.0
574	1198.876	0.0	1198.876	1198.876	1000.0
575	1352.0205	0.0	1352.0205	1352.0205	1000.0
576	1327.7128	0.0	1327.7128	1327.7128	1000.0
577	1618.6787	0.0	1618.6787	1618.6787	1000.0
578	1542.8931	0.0	1542.8931	1542.8931	1000.0
579	1530.7375	0.0	1530.7375	1530.7375	1000.0
580	1287.1012	0.0	1287.1012	1287.1012	1000.0
581	1384.1741	0.0	1384.1741	1384.1741	1000.0
582	1587.9	0.0	1587.9	1587.9	1000.0
583	1666.6516	0.0	1666.6516	1666.6516	1000.0
584	1378.4926	0.0	1378.4926	1378.4926	1000.0
585	1211.3394	0.0	1211.3394	1211.3394	1000.0
586	1185.0674	0.0	1185.0674	1185.0674	1000.0
587	1568.9279	0.0	1568.9279	1568.9279	1000.0
588	1524.7255	0.0	1524.7255	1524.7255	1000.0
589	1538.5933	0.0	1538.5933	1538.5933	1000.0
590	1517.8918	0.0	1517.8918	1517.8918	1000.0
591	1568.389	0.0	1568.389	1568.389	1000.0
592	1508.8425	0.0	1508.8425	1508.8425	1000.0
593	1437.1759	0.0	1437.1759	1437.1759	1000.0
594	1497.9454	0.0	1497.9454	1497.9454	1000.0
595	1308.6632	0.0	1308.6632	1308.6632	1000.0
596	1444.1847	0.0	1444.1847	1444.1847	1000.0
597	1484.0316	0.0	1484.0316	1484.0316	1000.0
598	1457.5901	0.0	1457.5901	1457.5901	1000.0
599	1681.9976	0.0	1681.9976	1681.9976	1000.0
600	1665.9115	0.0	1665.9115	1665.9115	1000.0
601	1659.716	0.0	1659.716	1659.716	1000.0
602	1427.4121	0.0	1427.4121	1427.4121	1000.0
603	1657.6294	0.0	1657.6294	1657.6294	1000.0
604	1712.9542	0.0	1712.9542	1712.9542	1000.0
605	1686.964	0.0	1686.964	1686.964	1000.0
606	1622.7261	0.0	1622.7261	1622.7261	1000.0
607	1640.5939	0.0	1640.5939	1640.5939	1000.0
608	1637.701	0.0	1637.701	1637.701	1000.0
609	1521.9337	0.0	1521.9337	1521.9337	1000.0
610	1662.4268	0.0	1662.4268	1662.4268	1000.0
611	1615.4661	0.0	1615.4661	1615.4661	1000.0
612	1548.8336	0.0	1548.8336	1548.8336	1000.0
613	1654.3442	0.0	1654.3442	1654.3442	1000.0
614	1653.4666	0.0	1653.4666	1653.4666	1000.0
615	1392.1158	0.0	1392.1158	1392.1158	1000.0
616	1592.4463	0.0	1592.4463	1592.4463	1000.0
617	1613.9425	0.0	1613.9425	1613.9425	1000.0
618	1778.4012	0.0	1778.4012	1778.4012	1000.0
619	1528.1292	0.0	1528.1292	1528.1292	1000.0
620	1707.3804	0.0	1707.3804	1707.3804	1000.0
621	1765.2684	0.0	1765.2684	1765.2684	1000.0
622	1709.0087	0.0	1709.0087	1709.0087	1000.0
623	1668.9141	0.0	1668.9141	1668.9141	1000.0
624	1619.7341	0.0	1619.7341	1619.7341	1000.0
625	1575.3843	0.0	1575.3843	1575.3843	1000.0
626	1671.5562	0.0	1671.5562	1671.5562	1000.0
627	1660.0667	0.0	1660.0667	1660.0667	1000.0
628	1654.0413	0.0	1654.0413	1654.0413	1000.0
629	1695.2313	0.0	1695.2313	1695.2313	1000.0
630	1759.4601	0.0	1759.4601	1759.4601	1000.0
631	1679.266	0.0	1679.266	1679.266	1000.0
632	1767.243	0.0	1767.243	1767.243	1000.0
633	1646.1274	0.0	1646.1274	1646.1274	1000.0
634	1713.9071	0.0	1713.9071	1713.9071	1000.0
635	1389.9725	0.0	1389.9725	1389.9725	1000.0
636	1743.2733	0.0	1743.2733	1743.2733	1000.0
637	1537.7062	0.0	1537.7062	1537.7062	1000.0
638	1792.8232	0.0	1792.8232	1792.8232	1000.0
639	1817.6157	0.0	1817.6157	1817.6157	1000.0
640	1819.904	0.0	1819.904	1819.904	1000.0
641	1795.5621	0.0	1795.5621	1795.5621	1000.0
642	1822.6312	0.0	1822.6312	1822.6312	1000.0
643	1821.1715	0.0	1821.1715	1821.1715	1000.0
644	1531.9429	0.0	1531.9429	1531.9429	1000.0
645	1718.0314	0.0	1718.0314	1718.0314	1000.0
646	1512.6735	0.0	1512.6735	1512.6735	1000.0
647	1766.1477	0.0	1766.1477	1766.1477	1000.0
648	1790.771	0.0	1790.771	1790.771	1000.0
649	902.01074	0.0	902.01074	902.01074	1000.0
650	1629.0083	0.0	1629.0083	1629.0083	1000.0
651	1563.5089	0.0	1563.5089	1563.5089	1000.0
652	1735.6646	0.0	1735.6646	1735.6646	1000.0
653	1705.7739	0.0	1705.7739	1705.7739	1000.0
654	1752.3029	0.0	1752.3029	1752.3029	1000.0
655	1779.4899	0.0	1779.4899	1779.4899	1000.0
656	1713.7454	0.0	1713.7454	1713.7454	1000.0
657	1641.3136	0.0	1641.3136	1641.3136	1000.0
658	1817.2947	0.0	1817.2947	1817.2947	1000.0
659	1740.3914	0.0	1740.3914	1740.3914	1000.0
660	985.08856	0.0	985.08856	985.08856	1000.0
661	1800.7991	0.0	1800.7991	1800.7991	1000.0
662	1426.786	0.0	1426.786	1426.786	1000.0
663	1193.9062	0.0	1193.9062	1193.9062	1000.0
664	1527.0852	0.0	1527.0852	1527.0852	1000.0
665	1768.757	0.0	1768.757	1768.757	1000.0
666	1707.6853	0.0	1707.6853	1707.6853	1000.0
667	1817.947	0.0	1817.947	1817.947	1000.0
668	1889.6339	0.0	1889.6339	1889.6339	1000.0
669	1234.7235	0.0	1234.7235	1234.7235	1000.0
670	1718.8484	0.0	1718.8484	1718.8484	1000.0
671	1529.8527	0.0	1529.8527	1529.8527	1000.0
672	1080.4847	0.0	1080.4847	1080.4847	1000.0
673	1756.1971	0.0	1756.1971	1756.1971	1000.0
674	1494.737	0.0	1494.737	1494.737	1000.0
675	1720.5824	0.0	1720.5824	1720.5824	1000.0
676	1008.92114	0.0	1008.92114	1008.92114	1000.0
677	1695.8907	0.0	1695.8907	1695.8907	1000.0
678	1493.1262	0.0	1493.1262	1493.1262	1000.0
679	1623.1575	0.0	1623.1575	1623.1575	1000.0
680	1689.2798	0.0	1689.2798	1689.2798	1000.0
681	1732.092	0.0	1732.092	1732.092	1000.0
682	1792.3091	0.0	1792.3091	1792.3091	1000.0
683	1154.822	0.0	1154.822	1154.822	1000.0
684	1622.0177	0.0	1622.0177	1622.0177	1000.0
685	1751.6307	0.0	1751.6307	1751.6307	1000.0
686	1649.2621	0.0	1649.2621	1649.2621	1000.0
687	1459.1206	0.0	1459.1206	1459.1206	1000.0
688	1728.9814	0.0	1728.9814	1728.9814	1000.0
689	1792.3829	0.0	1792.3829	1792.3829	1000.0
690	1661.4126	0.0	1661.4126	1661.4126	1000.0
691	1736.4663	0.0	1736.4663	1736.4663	1000.0
692	1477.8562	0.0	1477.8562	1477.8562	1000.0
693	1059.7897	0.0	1059.7897	1059.7897	1000.0
694	1228.7087	0.0	1228.7087	1228.7087	1000.0
695	1906.984	0.0	1906.984	1906.984	1000.0
696	1843.7303	0.0	1843.7303	1843.7303	1000.0
697	1854.86	0.0	1854.86	1854.86	1000.0
698	1012.2234	0.0	1012.2234	1012.2234	1000.0
699	1494.432	0.0	1494.432	1494.432	1000.0
700	1827.0685	0.0	1827.0685	1827.0685	1000.0
701	1908.2372	0.0	1908.2372	1908.2372	1000.0
702	1905.4884	0.0	1905.4884	1905.4884	1000.0
703	1882.1718	0.0	1882.1718	1882.1718	1000.0
704	1315.7811	0.0	1315.7811	1315.7811	1000.0
705	1553.4208	0.0	1553.4208	1553.4208	1000.0
706	1855.889	0.0	1855.889	1855.889	1000.0
707	1823.0005	0.0	1823.0005	1823.0005	1000.0
708	1829.795	0.0	1829.795	1829.795	1000.0
709	1671.3505	0.0	1671.3505	1671.3505	1000.0
710	1876.4037	0.0	1876.4037	1876.4037	1000.0
711	1799.6431	0.0	1799.6431	1799.6431	1000.0
712	1704.9199	0.0	1704.9199	1704.9199	1000.0
713	1644.4724	0.0	1644.4724	1644.4724	1000.0
714	1778.7363	0.0	1778.7363	1778.7363	1000.0
715	1857.6748	0.0	1857.6748	1857.6748	1000.0
716	1924.9592	0.0	1924.9592	1924.9592	1000.0
717	1803.2881	0.0	1803.2881	1803.2881	1000.0
718	1719.4685	0.0	1719.4685	1719.4685	1000.0
719	1669.3707	0.0	1669.3707	1669.3707	1000.0
720	1743.3577	0.0	1743.3577	1743.3577	1000.0
721	1638.2714	0.0	1638.2714	1638.2714	1000.0
722	1781.5088	0.0	1781.5088	1781.5088	1000.0
723	1850.0444	0.0	1850.0444	1850.0444	1000.0
724	1734.0535	0.0	1734.0535	1734.0535	1000.0
725	1758.5193	0.0	1758.5193	1758.5193	1000.0
726	1664.6399	0.0	1664.6399	1664.6399	1000.0
727	1789.9469	0.0	1789.9469	1789.9469	1000.0
728	1779.4508	0.0	1779.4508	1779.4508	1000.0
729	1858.8597	0.0	1858.8597	1858.8597	1000.0
730	1821.3156	0.0	1821.3156	1821.3156	1000.0
731	1064.2557	0.0	1064.2557	1064.2557	1000.0
732	1677.0039	0.0	1677.0039	1677.0039	1000.0
733	1752.3367	0.0	1752.3367	1752.3367	1000.0
734	1760.537	0.0	1760.537	1760.537	1000.0
735	1834.6936	0.0	1834.6936	1834.6936	1000.0
736	1598.7567	0.0	1598.7567	1598.7567	1000.0
737	1205.531	0.0	1205.531	1205.531	1000.0
738	1450.3019	0.0	1450.3019	1450.3019	1000.0
739	1642.2952	0.0	1642.2952	1642.2952	1000.0
740	1742.8192	0.0	1742.8192	1742.8192	1000.0
741	1952.6918	0.0	1952.6918	1952.6918	1000.0
742	1803.0636	0.0	1803.0636	1803.0636	1000.0
743	1875.2135	0.0	1875.2135	1875.2135	1000.0
744	1233.2745	0.0	1233.2745	1233.2745	1000.0
745	1825.074	0.0	1825.074	1825.074	1000.0
746	1530.8657	0.0	1530.8657	1530.8657	1000.0
747	1094.4854	0.0	1094.4854	1094.4854	1000.0
748	1817.3418	0.0	1817.3418	1817.3418	1000.0
749	1247.4576	0.0	1247.4576	1247.4576	1000.0
750	1824.0693	0.0	1824.0693	1824.0693	1000.0
751	1571.2065	0.0	1571.2065	1571.2065	1000.0
752	1852.9923	0.0	1852.9923	1852.9923	1000.0
753	1918.299	0.0	1918.299	1918.299	1000.0
754	1761.146	0.0	1761.146	1761.146	1000.0
755	1753.5118	0.0	1753.5118	1753.5118	1000.0
756	1930.8923	0.0	1930.8923	1930.8923	1000.0
757	1767.7784	0.0	1767.7784	1767.7784	1000.0
758	1815.0394	0.0	1815.0394	1815.0394	1000.0
759	1948.3174	0.0	1948.3174	1948.3174	1000.0
760	1900.5972	0.0	1900.5972	1900.5972	1000.0
761	1898.6136	0.0	1898.6136	1898.6136	1000.0
762	1832.6356	0.0	1832.6356	1832.6356	1000.0
763	1875.7045	0.0	1875.7045	1875.7045	1000.0
764	1151.6433	0.0	1151.6433	1151.6433	1000.0
765	1784.8927	0.0	1784.8927	1784.8927	1000.0
766	1856.1215	0.0	1856.1215	1856.1215	1000.0
767	1852.4412	0.0	1852.4412	1852.4412	1000.0
768	1804.5304	0.0	1804.5304	1804.5304	1000.0
769	1793.5261	0.0	1793.5261	1793.5261	1000.0
770	1904.239	0.0	1904.239	1904.239	1000.0
771	1849.7732	0.0	1849.7732	1849.7732	1000.0
772	1855.4916	0.0	1855.4916	1855.4916	1000.0
773	1878.3131	0.0	1878.3131	1878.3131	1000.0
774	1992.0728	0.0	1992.0728	1992.0728	1000.0
775	1859.1512	0.0	1859.1512	1859.1512	1000.0
776	1948.8158	0.0	1948.8158	1948.8158	1000.0
777	1995.0831	0.0	1995.0831	1995.0831	1000.0
778	1914.8561	0.0	1914.8561	1914.8561	1000.0
779	1792.6248	0.0	1792.6248	1792.6248	1000.0
780	1684.0201	0.0	1684.0201	1684.0201	1000.0
781	1804.6884	0.0	1804.6884	1804.6884	1000.0
782	1899.0386	0.0	1899.0386	1899.0386	1000.0
783	1890.0804	0.0	1890.0804	1890.0804	1000.0
784	1956.6774	0.0	1956.6774	1956.6774	1000.0
785	1901.998	0.0	1901.998	1901.998	1000.0
786	1817.0685	0.0	1817.0685	1817.0685	1000.0
787	1903.5552	0.0	1903.5552	1903.5552	1000.0
788	1873.9318	0.0	1873.9318	1873.9318	1000.0
789	1935.7294	0.0	1935.7294	1935.7294	1000.0
790	1932.3761	0.0	1932.3761	1932.3761	1000.0
791	1962.0819	0.0	1962.0819	1962.0819	1000.0
792	1873.4216	0.0	1873.4216	1873.4216	1000.0
793	1668.8983	0.0	1668.8983	1668.8983	1000.0
794	1992.9728	0.0	1992.9728	1992.9728	1000.0
795	1877.3105	0.0	1877.3105	1877.3105	1000.0
796	2019.745	0.0	2019.745	2019.745	1000.0
797	2001.409	0.0	2001.409	2001.409	1000.0
798	1956.6329	0.0	1956.6329	1956.6329	1000.0
799	1600.0062	0.0	1600.0062	1600.0062	1000.0
800	1988.7075	0.0	1988.7075	1988.7075	1000.0
801	1759.4048	0.0	1759.4048	1759.4048	1000.0
802	1084.6876	0.0	1084.6876	1084.6876	1000.0
803	1758.1294	0.0	1758.1294	1758.1294	1000.0
804	1911.9989	0.0	1911.9989	1911.9989	1000.0
805	1971.3464	0.0	1971.3464	1971.3464	1000.0
806	1958.5695	0.0	1958.5695	1958.5695	1000.0
807	1968.2052	0.0	1968.2052	1968.2052	1000.0
808	970.3351	0.0	970.3351	970.3351	1000.0
809	1887.3452	0.0	1887.3452	1887.3452	1000.0
810	1941.2595	0.0	1941.2595	1941.2595	1000.0
811	1883.6279	0.0	1883.6279	1883.6279	1000.0
812	1932.1097	0.0	1932.1097	1932.1097	1000.0
813	1945.6498	0.0	1945.6498	1945.6498	1000.0
814	1855.076	0.0	1855.076	1855.076	1000.0
815	1953.7233	0.0	1953.7233	1953.7233	1000.0
816	1928.05	0.0	1928.05	1928.05	1000.0
817	1397.0931	0.0	1397.0931	1397.0931	1000.0
818	1898.565	0.0	1898.565	1898.565	1000.0
819	1022.4262	0.0	1022.4262	1022.4262	1000.0
820	1922.405	0.0	1922.405	1922.405	1000.0
821	1872.903	0.0	1872.903	1872.903	1000.0
822	1919.726	0.0	1919.726	1919.726	1000.0
823	1981.3217	0.0	1981.3217	1981.3217	1000.0
824	1950.5476	0.0	1950.5476	1950.5476	1000.0
825	1900.5657	0.0	1900.5657	1900.5657	1000.0
826	1911.7545	0.0	1911.7545	1911.7545	1000.0
827	1868.9714	0.0	1868.9714	1868.9714	1000.0
828	1821.2238	0.0	1821.2238	1821.2238	1000.0
829	1720.2883	0.0	1720.2883	1720.2883	1000.0
830	1902.5728	0.0	1902.5728	1902.5728	1000.0
831	1965.0435	0.0	1965.0435	1965.0435	1000.0
832	1992.9651	0.0	1992.9651	1992.9651	1000.0
833	1943.0557	0.0	1943.0557	1943.0557	1000.0
834	1979.0311	0.0	1979.0311	1979.0311	1000.0
835	1901.9375	0.0	1901.9375	1901.9375	1000.0
836	1921.6605	0.0	1921.6605	1921.6605	1000.0
837	1934.7838	0.0	1934.7838	1934.7838	1000.0
838	1945.8474	0.0	1945.8474	1945.8474	1000.0
839	1946.3964	0.0	1946.3964	1946.3964	1000.0
840	1487.0342	0.0	1487.0342	1487.0342	1000.0
841	1962.6189	0.0	1962.6189	1962.6189	1000.0
842	1863.9535	0.0	1863.9535	1863.9535	1000.0
843	1912.839	0.0	1912.839	1912.839	1000.0
844	1948.9161	0.0	1948.9161	1948.9161	1000.0
845	1958.8475	0.0	1958.8475	1958.8475	1000.0
846	1942.5254	0.0	1942.5254	1942.5254	1000.0
847	1963.9509	0.0	1963.9509	1963.9509	1000.0
848	1843.4009	0.0	1843.4009	1843.4009	1000.0
849	1977.1066	0.0	1977.1066	1977.1066	1000.0
850	1987.4338	0.0	1987.4338	1987.4338	1000.0
851	1944.8486	0.0	1944.8486	1944.8486	1000.0
852	1962.7999	0.0	1962.7999	1962.7999	1000.0
853	1939.953	0.0	1939.953	1939.953	1000.0
854	1920.1971	0.0	1920.1971	1920.1971	1000.0
855	1964.144	0.0	1964.144	1964.144	1000.0
856	1872.2297	0.0	1872.2297	1872.2297	1000.0
857	1861.5028	0.0	1861.5028	1861.5028	1000.0
858	1995.1771	0.0	1995.1771	1995.1771	1000.0
859	1880.5413	0.0	1880.5413	1880.5413	1000.0
860	1962.6068	0.0	1962.6068	1962.6068	1000.0
861	1960.2985	0.0	1960.2985	1960.2985	1000.0
862	1948.0043	0.0	1948.0043	1948.0043	1000.0
863	1854.8718	0.0	1854.8718	1854.8718	1000.0
864	1958.7357	0.0	1958.7357	1958.7357	1000.0
865	1974.5946	0.0	1974.5946	1974.5946	1000.0
866	1706.4788	0.0	1706.4788	1706.4788	1000.0
867	1873.8163	0.0	1873.8163	1873.8163	1000.0
868	1888.6936	0.0	1888.6936	1888.6936	1000.0
869	1925.9817	0.0	1925.9817	1925.9817	1000.0
870	1841.2352	0.0	1841.2352	1841.2352	1000.0
871	1926.9432	0.0	1926.9432	1926.9432	1000.0
872	1917.735	0.0	1917.735	1917.735	1000.0
873	1955.0328	0.0	1955.0328	1955.0328	1000.0
874	1910.1395	0.0	1910.1395	1910.1395	1000.0
875	1553.3466	0.0	1553.3466	1553.3466	1000.0
876	1934.2854	0.0	1934.2854	1934.2854	1000.0
877	1960.8778	0.0	1960.8778	1960.8778	1000.0
878	2008.07	0.0	2008.07	2008.07	1000.0
879	2003.1621	0.0	2003.1621	2003.1621	1000.0
880	2000.3296	0.0	2000.3296	2000.3296	1000.0
881	1961.1449	0.0	1961.1449	1961.1449	1000.0
882	2062.96	0.0	2062.96	2062.96	1000.0
883	1921.0397	0.0	1921.0397	1921.0397	1000.0
884	1929.3772	0.0	1929.3772	1929.3772	1000.0
885	2033.5188	0.0	2033.5188	2033.5188	1000.0
886	2057.6675	0.0	2057.6675	2057.6675	1000.0
887	2063.2573	0.0	2063.2573	2063.2573	1000.0
888	2021.8625	0.0	2021.8625	2021.8625	1000.0
889	2035.2642	0.0	2035.2642	2035.2642	1000.0
890	1947.3386	0.0	1947.3386	1947.3386	1000.0
891	1974.0532	0.0	1974.0532	1974.0532	1000.0
892	2057.4626	0.0	2057.4626	2057.4626	1000.0
893	1990.4424	0.0	1990.4424	1990.4424	1000.0
894	1821.1146	0.0	1821.1146	1821.1146	1000.0
895	1970.4218	0.0	1970.4218	1970.4218	1000.0
896	2055.129	0.0	2055.129	2055.129	1000.0
897	1988.6772	0.0	1988.6772	1988.6772	1000.0
898	1947.6046	0.0	1947.6046	1947.6046	1000.0
899	1990.3585	0.0	1990.3585	1990.3585	1000.0
900	2023.083	0.0	2023.083	2023.083	1000.0
901	1960.0632	0.0	1960.0632	1960.0632	1000.0
902	2020.7512	0.0	2020.7512	2020.7512	1000.0
903	1949.932	0.0	1949.932	1949.932	1000.0
904	2019.4674	0.0	2019.4674	2019.4674	1000.0
905	1994.2079	0.0	1994.2079	1994.2079	1000.0
906	2071.679	0.0	2071.679	2071.679	1000.0
907	2015.4454	0.0	2015.4454	2015.4454	1000.0
908	1939.2244	0.0	1939.2244	1939.2244	1000.0
909	1979.1547	0.0	1979.1547	1979.1547	1000.0
910	2068.9866	0.0	2068.9866	2068.9866	1000.0
911	2054.7292	0.0	2054.7292	2054.7292	1000.0
912	2025.2458	0.0	2025.2458	2025.2458	1000.0
913	2025.6244	0.0	2025.6244	2025.6244	1000.0
914	1975.6914	0.0	1975.6914	1975.6914	1000.0
915	2115.1687	0.0	2115.1687	2115.1687	1000.0
916	1709.7854	0.0	1709.7854	1709.7854	1000.0
917	2064.8445	0.0	2064.8445	2064.8445	1000.0
918	2104.5757	0.0	2104.5757	2104.5757	1000.0
919	2069.5432	0.0	2069.5432	2069.5432	1000.0
920	2094.6685	0.0	2094.6685	2094.6685	1000.0
921	2106.3975	0.0	2106.3975	2106.3975	1000.0
922	2035.3956	0.0	2035.3956	2035.3956	1000.0
923	2094.3137	0.0	2094.3137	2094.3137	1000.0
924	2084.2534	0.0	2084.2534	2084.2534	1000.0
925	1999.2225	0.0	1999.2225	1999.2225	1000.0
926	1983.4127	0.0	1983.4127	1983.4127	1000.0
927	1468.7816	0.0	1468.7816	1468.7816	1000.0
928	1935.5557	0.0	1935.5557	1935.5557	1000.0
929	1931.8855	0.0	1931.8855	1931.8855	1000.0
930	2027.8672	0.0	2027.8672	2027.8672	1000.0
931	2041.4584	0.0	2041.4584	2041.4584	1000.0
932	1923.4565	0.0	1923.4565	1923.4565	1000.0
933	2006.8826	0.0	2006.8826	2006.8826	1000.0
934	1820.4905	0.0	1820.4905	1820.4905	1000.0
935	1652.4246	0.0	1652.4246	1652.4246	1000.0
936	1961.898	0.0	1961.898	1961.898	1000.0
937	1887.5607	0.0	1887.5607	1887.5607	1000.0
938	2040.0718	0.0	2040.0718	2040.0718	1000.0
939	2032.8124	0.0	2032.8124	2032.8124	1000.0
940	2031.6454	0.0	2031.6454	2031.6454	1000.0
941	2121.9202	0.0	2121.9202	2121.9202	1000.0
942	2015.4873	0.0	2015.4873	2015.4873	1000.0
943	2052.949	0.0	2052.949	2052.949	1000.0
944	2088.8645	0.0	2088.8645	2088.8645	1000.0
945	1739.4197	0.0	1739.4197	1739.4197	1000.0
946	1762.5851	0.0	1762.5851	1762.5851	1000.0
947	1957.1154	0.0	1957.1154	1957.1154	1000.0
948	1784.5765	0.0	1784.5765	1784.5765	1000.0
949	1945.26	0.0	1945.26	1945.26	1000.0
950	2030.5981	0.0	2030.5981	2030.5981	1000.0
951	2000.7814	0.0	2000.7814	2000.7814	1000.0
952	1972.1344	0.0	1972.1344	1972.1344	1000.0
953	1994.4731	0.0	1994.4731	1994.4731	1000.0
954	1831.3044	0.0	1831.3044	1831.3044	1000.0
955	2041.57	0.0	2041.57	2041.57	1000.0
956	2057.8835	0.0	2057.8835	2057.8835	1000.0
957	1854.9303	0.0	1854.9303	1854.9303	1000.0
958	2003.7539	0.0	2003.7539	2003.7539	1000.0
959	2032.7853	0.0	2032.7853	2032.7853	1000.0
960	1984.6268	0.0	1984.6268	1984.6268	1000.0
961	2017.848	0.0	2017.848	2017.848	1000.0
962	1260.5479	0.0	1260.5479	1260.5479	1000.0
963	1910.2073	0.0	1910.2073	1910.2073	1000.0
964	2073.7397	0.0	2073.7397	2073.7397	1000.0
965	2134.8794	0.0	2134.8794	2134.8794	1000.0
966	2046.9912	0.0	2046.9912	2046.9912	1000.0
967	2096.5667	0.0	2096.5667	2096.5667	1000.0
968	2061.1804	0.0	2061.1804	2061.1804	1000.0
969	2054.3257	0.0	2054.3257	2054.3257	1000.0
970	2137.9214	0.0	2137.9214	2137.9214	1000.0
971	2085.0325	0.0	2085.0325	2085.0325	1000.0
972	2086.4731	0.0	2086.4731	2086.4731	1000.0
973	1561.8119	0.0	1561.8119	1561.8119	1000.0
974	2129.3374	0.0	2129.3374	2129.3374	1000.0
975	2054.442	0.0	2054.442	2054.442	1000.0
976	2078.2249	0.0	2078.2249	2078.2249	1000.0
977	1573.9492	0.0	1573.9492	1573.9492	1000.0
978	2051.15	0.0	2051.15	2051.15	1000.0
979	2039.6146	0.0	2039.6146	2039.6146	1000.0
980	2143.4668	0.0	2143.4668	2143.4668	1000.0
981	2071.618	0.0	2071.618	2071.618	1000.0
982	2118.2659	0.0	2118.2659	2118.2659	1000.0
983	2096.7878	0.0	2096.7878	2096.7878	1000.0
984	2135.7935	0.0	2135.7935	2135.7935	1000.0
985	2096.8984	0.0	2096.8984	2096.8984	1000.0
986	2021.878	0.0	2021.878	2021.878	1000.0
987	2124.3757	0.0	2124.3757	2124.3757	1000.0
988	2115.947	0.0	2115.947	2115.947	1000.0
989	2118.4353	0.0	2118.4353	2118.4353	1000.0
990	2174.034	0.0	2174.034	2174.034	1000.0
991	2131.0842	0.0	2131.0842	2131.0842	1000.0
992	1964.4144	0.0	1964.4144	1964.4144	1000.0
993	2170.595	0.0	2170.595	2170.595	1000.0
994	2140.257	0.0	2140.257	2140.257	1000.0
995	2120.1694	0.0	2120.1694	2120.1694	1000.0
996	2112.245	0.0	2112.245	2112.245	1000.0
997	1915.2391	0.0	1915.2391	1915.2391	1000.0
998	2143.799	0.0	2143.799	2143.799	1000.0
999	2154.5862	0.0	2154.5862	2154.5862	1000.0
1000	2075.0159	0.0	2075.0159	2075.0159	1000.0
1001	2117.4932	0.0	2117.4932	2117.4932	1000.0
1002	2113.717	0.0	2113.717	2113.717	1000.0
1003	2102.522	0.0	2102.522	2102.522	1000.0
1004	2126.998	0.0	2126.998	2126.998	1000.0
1005	2126.4248	0.0	2126.4248	2126.4248	1000.0
1006	2121.8826	0.0	2121.8826	2121.8826	1000.0
1007	2113.6228	0.0	2113.6228	2113.6228	1000.0
1008	1914.8956	0.0	1914.8956	1914.8956	1000.0
1009	2138.6165	0.0	2138.6165	2138.6165	1000.0
1010	2050.1008	0.0	2050.1008	2050.1008	1000.0
1011	2066.0527	0.0	2066.0527	2066.0527	1000.0
1012	2198.4797	0.0	2198.4797	2198.4797	1000.0
1013	2132.7349	0.0	2132.7349	2132.7349	1000.0
1014	2159.2087	0.0	2159.2087	2159.2087	1000.0
1015	1808.7792	0.0	1808.7792	1808.7792	1000.0
1016	2168.0034	0.0	2168.0034	2168.0034	1000.0
1017	2180.0024	0.0	2180.0024	2180.0024	1000.0
1018	2036.371	0.0	2036.371	2036.371	1000.0
1019	2013.1406	0.0	2013.1406	2013.1406	1000.0
1020	2182.3076	0.0	2182.3076	2182.3076	1000.0
1021	2113.8684	0.0	2113.8684	2113.8684	1000.0
1022	2072.106	0.0	2072.106	2072.106	1000.0
1023	2169.4292	0.0	2169.4292	2169.4292	1000.0
1024	1976.6354	0.0	1976.6354	1976.6354	1000.0
1025	2176.1772	0.0	2176.1772	2176.1772	1000.0
1026	2116.7646	0.0	2116.7646	2116.7646	1000.0
1027	2166.0503	0.0	2166.0503	2166.0503	1000.0
1028	2116.0688	0.0	2116.0688	2116.0688	1000.0
1029	2190.7097	0.0	2190.7097	2190.7097	1000.0
1030	2130.626	0.0	2130.626	2130.626	1000.0
1031	2104.6155	0.0	2104.6155	2104.6155	1000.0
1032	2173.084	0.0	2173.084	2173.084	1000.0
1033	1669.3821	0.0	1669.3821	1669.3821	1000.0
1034	2202.611	0.0	2202.611	2202.611	1000.0
1035	2044.5737	0.0	2044.5737	2044.5737	1000.0
1036	2162.279	0.0	2162.279	2162.279	1000.0
1037	1662.7185	0.0	1662.7185	1662.7185	1000.0
1038	1767.6205	0.0	1767.6205	1767.6205	1000.0
1039	1744.6959	0.0	1744.6959	1744.6959	1000.0
1040	2067.9197	0.0	2067.9197	2067.9197	1000.0
1041	1818.2664	0.0	1818.2664	1818.2664	1000.0
1042	2136.0273	0.0	2136.0273	2136.0273	1000.0
1043	2135.2747	0.0	2135.2747	2135.2747	1000.0
1044	2200.2947	0.0	2200.2947	2200.2947	1000.0
1045	2070.9211	0.0	2070.9211	2070.9211	1000.0
1046	1455.8439	0.0	1455.8439	1455.8439	1000.0
1047	1956.7257	0.0	1956.7257	1956.7257	1000.0
1048	2193.997	0.0	2193.997	2193.997	1000.0
1049	2242.4536	0.0	2242.4536	2242.4536	1000.0
1050	1999.6017	0.0	1999.6017	1999.6017	1000.0
1051	2144.7498	0.0	2144.7498	2144.7498	1000.0
1052	2144.3643	0.0	2144.3643	2144.3643	1000.0
1053	2238.4973	0.0	2238.4973	2238.4973	1000.0
1054	2109.2554	0.0	2109.2554	2109.2554	1000.0
1055	1913.8964	0.0	1913.8964	1913.8964	1000.0
1056	2044.7562	0.0	2044.7562	2044.7562	1000.0
1057	2015.7133	0.0	2015.7133	2015.7133	1000.0
1058	2216.949	0.0	2216.949	2216.949	1000.0
1059	2179.6584	0.0	2179.6584	2179.6584	1000.0
1060	2161.91	0.0	2161.91	2161.91	1000.0
1061	2110.8953	0.0	2110.8953	2110.8953	1000.0
1062	1907.7117	0.0	1907.7117	1907.7117	1000.0
1063	2144.154	0.0	2144.154	2144.154	1000.0
1064	2167.872	0.0	2167.872	2167.872	1000.0
1065	2073.9138	0.0	2073.9138	2073.9138	1000.0
1066	2176.0015	0.0	2176.0015	2176.0015	1000.0
1067	2035.6443	0.0	2035.6443	2035.6443	1000.0
1068	1994.9017	0.0	1994.9017	1994.9017	1000.0
1069	2147.766	0.0	2147.766	2147.766	1000.0
1070	2142.325	0.0	2142.325	2142.325	1000.0
1071	1515.4232	0.0	1515.4232	1515.4232	1000.0
1072	2169.089	0.0	2169.089	2169.089	1000.0
1073	2149.3037	0.0	2149.3037	2149.3037	1000.0
1074	2023.0116	0.0	2023.0116	2023.0116	1000.0
1075	2128.8018	0.0	2128.8018	2128.8018	1000.0
1076	2136.7166	0.0	2136.7166	2136.7166	1000.0
1077	2191.4058	0.0	2191.4058	2191.4058	1000.0
1078	1860.4314	0.0	1860.4314	1860.4314	1000.0
1079	1855.5574	0.0	1855.5574	1855.5574	1000.0
1080	2056.5618	0.0	2056.5618	2056.5618	1000.0
1081	2118.7876	0.0	2118.7876	2118.7876	1000.0
1082	2068.256	0.0	2068.256	2068.256	1000.0
1083	2111.9133	0.0	2111.9133	2111.9133	1000.0
1084	1213.9764	0.0	1213.9764	1213.9764	1000.0
1085	2157.2773	0.0	2157.2773	2157.2773	1000.0
1086	1680.2815	0.0	1680.2815	1680.2815	1000.0
1087	2259.5186	0.0	2259.5186	2259.5186	1000.0
1088	2217.1077	0.0	2217.1077	2217.1077	1000.0
1089	1893.0665	0.0	1893.0665	1893.0665	1000.0
1090	2211.8218	0.0	2211.8218	2211.8218	1000.0
1091	2162.1418	0.0	2162.1418	2162.1418	1000.0
1092	2196.9067	0.0	2196.9067	2196.9067	1000.0
1093	2137.2578	0.0	2137.2578	2137.2578	1000.0
1094	2177.183	0.0	2177.183	2177.183	1000.0
1095	2176.3748	0.0	2176.3748	2176.3748	1000.0
1096	2188.5051	0.0	2188.5051	2188.5051	1000.0
1097	2159.5154	0.0	2159.5154	2159.5154	1000.0
1098	2219.4272	0.0	2219.4272	2219.4272	1000.0
1099	2235.2031	0.0	2235.2031	2235.2031	1000.0
1100	2189.3635	0.0	2189.3635	2189.3635	1000.0
1101	2172.7285	0.0	2172.7285	2172.7285	1000.0
1102	2187.2332	0.0	2187.2332	2187.2332	1000.0
1103	2225.4385	0.0	2225.4385	2225.4385	1000.0
1104	2223.0925	0.0	2223.0925	2223.0925	1000.0
1105	2181.2458	0.0	2181.2458	2181.2458	1000.0
1106	2278.5503	0.0	2278.5503	2278.5503	1000.0
1107	2249.5505	0.0	2249.5505	2249.5505	1000.0
1108	2255.0085	0.0	2255.0085	2255.0085	1000.0
1109	2081.6938	0.0	2081.6938	2081.6938	1000.0
1110	2107.9358	0.0	2107.9358	2107.9358	1000.0
1111	2233.2573	0.0	2233.2573	2233.2573	1000.0
1112	2162.985	0.0	2162.985	2162.985	1000.0
1113	1835.9155	0.0	1835.9155	1835.9155	1000.0
1114	1852.4873	0.0	1852.4873	1852.4873	1000.0
1115	2234.065	0.0	2234.065	2234.065	1000.0
1116	2106.848	0.0	2106.848	2106.848	1000.0
1117	2073.2068	0.0	2073.2068	2073.2068	1000.0
1118	1996.8555	0.0	1996.8555	1996.8555	1000.0
1119	2116.726	0.0	2116.726	2116.726	1000.0
1120	2129.1384	0.0	2129.1384	2129.1384	1000.0
1121	1837.0065	0.0	1837.0065	1837.0065	1000.0
1122	1767.4808	0.0	1767.4808	1767.4808	1000.0
1123	2224.4294	0.0	2224.4294	2224.4294	1000.0
1124	2143.4573	0.0	2143.4573	2143.4573	1000.0
1125	1787.2933	0.0	1787.2933	1787.2933	1000.0
1126	2068.7915	0.0	2068.7915	2068.7915	1000.0
1127	2206.9456	0.0	2206.9456	2206.9456	1000.0
1128	2165.0513	0.0	2165.0513	2165.0513	1000.0
1129	2142.9795	0.0	2142.9795	2142.9795	1000.0
1130	2203.482	0.0	2203.482	2203.482	1000.0
1131	2145.001	0.0	2145.001	2145.001	1000.0
1132	2137.5366	0.0	2137.5366	2137.5366	1000.0
1133	1877.774	0.0	1877.774	1877.774	1000.0
1134	2163.62	0.0	2163.62	2163.62	1000.0
1135	2164.2407	0.0	2164.2407	2164.2407	1000.0
1136	2171.2476	0.0	2171.2476	2171.2476	1000.0
1137	2186.807	0.0	2186.807	2186.807	1000.0
1138	2137.3848	0.0	2137.3848	2137.3848	1000.0
1139	2116.134	0.0	2116.134	2116.134	1000.0
1140	1878.9049	0.0	1878.9049	1878.9049	1000.0
1141	2198.6042	0.0	2198.6042	2198.6042	1000.0
1142	2216.3945	0.0	2216.3945	2216.3945	1000.0
1143	1964.9084	0.0	1964.9084	1964.9084	1000.0
1144	2144.546	0.0	2144.546	2144.546	1000.0
1145	2110.9573	0.0	2110.9573	2110.9573	1000.0
1146	2136.933	0.0	2136.933	2136.933	1000.0
1147	2096.1365	0.0	2096.1365	2096.1365	1000.0
1148	2172.6306	0.0	2172.6306	2172.6306	1000.0
1149	2201.8865	0.0	2201.8865	2201.8865	1000.0
1150	2228.5217	0.0	2228.5217	2228.5217	1000.0
1151	2261.1743	0.0	2261.1743	2261.1743	1000.0
1152	2230.7249	0.0	2230.7249	2230.7249	1000.0
1153	2197.0718	0.0	2197.0718	2197.0718	1000.0
1154	2197.868	0.0	2197.868	2197.868	1000.0
1155	2203.0088	0.0	2203.0088	2203.0088	1000.0
1156	2215.4426	0.0	2215.4426	2215.4426	1000.0
1157	2280.1274	0.0	2280.1274	2280.1274	1000.0
1158	2271.104	0.0	2271.104	2271.104	1000.0
1159	2249.7175	0.0	2249.7175	2249.7175	1000.0
1160	2303.0188	0.0	2303.0188	2303.0188	1000.0
1161	2185.7483	0.0	2185.7483	2185.7483	1000.0
1162	2280.015	0.0	2280.015	2280.015	1000.0
1163	2259.9536	0.0	2259.9536	2259.9536	1000.0
1164	1932.8239	0.0	1932.8239	1932.8239	1000.0
1165	2264.7463	0.0	2264.7463	2264.7463	1000.0
1166	2228.9573	0.0	2228.9573	2228.9573	1000.0
1167	2217.108	0.0	2217.108	2217.108	1000.0
1168	2099.8735	0.0	2099.8735	2099.8735	1000.0
1169	2027.0941	0.0	2027.0941	2027.0941	1000.0
1170	2232.8762	0.0	2232.8762	2232.8762	1000.0
1171	2137.1094	0.0	2137.1094	2137.1094	1000.0
1172	2216.2922	0.0	2216.2922	2216.2922	1000.0
1173	2079.1348	0.0	2079.1348	2079.1348	1000.0
1174	2283.9485	0.0	2283.9485	2283.9485	1000.0
1175	2232.705	0.0	2232.705	2232.705	1000.0
1176	2270.8447	0.0	2270.8447	2270.8447	1000.0
1177	2213.5193	0.0	2213.5193	2213.5193	1000.0
1178	2093.6099	0.0	2093.6099	2093.6099	1000.0
1179	2266.631	0.0	2266.631	2266.631	1000.0
1180	2172.049	0.0	2172.049	2172.049	1000.0
1181	2249.2507	0.0	2249.2507	2249.2507	1000.0
1182	1598.936	0.0	1598.936	1598.936	1000.0
1183	2245.5095	0.0	2245.5095	2245.5095	1000.0
1184	2213.6272	0.0	2213.6272	2213.6272	1000.0
1185	2272.9722	0.0	2272.9722	2272.9722	1000.0
1186	2210.8245	0.0	2210.8245	2210.8245	1000.0
1187	2229.085	0.0	2229.085	2229.085	1000.0
1188	2136.8997	0.0	2136.8997	2136.8997	1000.0
1189	2255.666	0.0	2255.666	2255.666	1000.0
1190	2263.828	0.0	2263.828	2263.828	1000.0
1191	2216.2	0.0	2216.2	2216.2	1000.0
1192	2264.9062	0.0	2264.9062	2264.9062	1000.0
1193	2227.5183	0.0	2227.5183	2227.5183	1000.0
1194	2284.96	0.0	2284.96	2284.96	1000.0
1195	2252.6555	0.0	2252.6555	2252.6555	1000.0
1196	2210.9832	0.0	2210.9832	2210.9832	1000.0
1197	2277.247	0.0	2277.247	2277.247	1000.0
1198	2164.2695	0.0	2164.2695	2164.2695	1000.0
1199	2079.722	0.0	2079.722	2079.722	1000.0
1200	2227.3806	0.0	2227.3806	2227.3806	1000.0
1201	2233.8335	0.0	2233.8335	2233.8335	1000.0
1202	2187.85	0.0	2187.85	2187.85	1000.0
1203	2285.3276	0.0	2285.3276	2285.3276	1000.0
1204	2221.4111	0.0	2221.4111	2221.4111	1000.0
1205	2255.4302	0.0	2255.4302	2255.4302	1000.0
1206	2281.2107	0.0	2281.2107	2281.2107	1000.0
1207	2303.4614	0.0	2303.4614	2303.4614	1000.0
1208	2231.1863	0.0	2231.1863	2231.1863	1000.0
1209	2299.2207	0.0	2299.2207	2299.2207	1000.0
1210	2248.1394	0.0	2248.1394	2248.1394	1000.0
1211	2275.3823	0.0	2275.3823	2275.3823	1000.0
1212	2297.462	0.0	2297.462	2297.462	1000.0
1213	2222.9382	0.0	2222.9382	2222.9382	1000.0
1214	2172.1472	0.0	2172.1472	2172.1472	1000.0
1215	2267.1504	0.0	2267.1504	2267.1504	1000.0
1216	2237.15	0.0	2237.15	2237.15	1000.0
1217	2288.41	0.0	2288.41	2288.41	1000.0
1218	2103.2068	0.0	2103.2068	2103.2068	1000.0
1219	2178.5054	0.0	2178.5054	2178.5054	1000.0
1220	2130.8157	0.0	2130.8157	2130.8157	1000.0
1221	2095.8936	0.0	2095.8936	2095.8936	1000.0
1222	2259.7463	0.0	2259.7463	2259.7463	1000.0
1223	2290.4119	0.0	2290.4119	2290.4119	1000.0
1224	2328.2588	0.0	2328.2588	2328.2588	1000.0
1225	2284.95	0.0	2284.95	2284.95	1000.0
1226	2142.7795	0.0	2142.7795	2142.7795	1000.0
1227	2197.3962	0.0	2197.3962	2197.3962	1000.0
1228	2316.161	0.0	2316.161	2316.161	1000.0
1229	2222.2598	0.0	2222.2598	2222.2598	1000.0
1230	2256.9805	0.0	2256.9805	2256.9805	1000.0
1231	2139.3296	0.0	2139.3296	2139.3296	1000.0
1232	2083.6846	0.0	2083.6846	2083.6846	1000.0
1233	1914.9374	0.0	1914.9374	1914.9374	1000.0
1234	2257.8877	0.0	2257.8877	2257.8877	1000.0
1235	2258.122	0.0	2258.122	2258.122	1000.0
1236	2244.7664	0.0	2244.7664	2244.7664	1000.0
1237	2278.0085	0.0	2278.0085	2278.0085	1000.0
1238	2302.7788	0.0	2302.7788	2302.7788	1000.0
1239	2210.0378	0.0	2210.0378	2210.0378	1000.0
1240	2263.902	0.0	2263.902	2263.902	1000.0
1241	2097.056	0.0	2097.056	2097.056	1000.0
1242	2113.0303	0.0	2113.0303	2113.0303	1000.0
1243	2222.981	0.0	2222.981	2222.981	1000.0
1244	2136.925	0.0	2136.925	2136.925	1000.0
1245	2199.7808	0.0	2199.7808	2199.7808	1000.0
1246	2235.968	0.0	2235.968	2235.968	1000.0
1247	2153.464	0.0	2153.464	2153.464	1000.0
1248	2248.0056	0.0	2248.0056	2248.0056	1000.0
1249	2196.0667	0.0	2196.0667	2196.0667	1000.0
1250	2249.01	0.0	2249.01	2249.01	1000.0
1251	2170.5884	0.0	2170.5884	2170.5884	1000.0
1252	2240.2075	0.0	2240.2075	2240.2075	1000.0
1253	2209.721	0.0	2209.721	2209.721	1000.0
1254	2299.0918	0.0	2299.0918	2299.0918	1000.0
1255	2288.584	0.0	2288.584	2288.584	1000.0
1256	2293.2686	0.0	2293.2686	2293.2686	1000.0
1257	2319.3945	0.0	2319.3945	2319.3945	1000.0
1258	2277.3923	0.0	2277.3923	2277.3923	1000.0
1259	1747.1304	0.0	1747.1304	1747.1304	1000.0
1260	2241.0588	0.0	2241.0588	2241.0588	1000.0
1261	2318.3591	0.0	2318.3591	2318.3591	1000.0
1262	2141.854	0.0	2141.854	2141.854	1000.0
1263	2323.6057	0.0	2323.6057	2323.6057	1000.0
1264	2173.6404	0.0	2173.6404	2173.6404	1000.0
1265	2016.0215	0.0	2016.0215	2016.0215	1000.0
1266	2195.8735	0.0	2195.8735	2195.8735	1000.0
1267	2267.7305	0.0	2267.7305	2267.7305	1000.0
1268	2085.1626	0.0	2085.1626	2085.1626	1000.0
1269	2211.4683	0.0	2211.4683	2211.4683	1000.0
1270	2270.1484	0.0	2270.1484	2270.1484	1000.0
1271	2264.2446	0.0	2264.2446	2264.2446	1000.0
1272	2341.3884	0.0	2341.3884	2341.3884	1000.0
1273	2302.1455	0.0	2302.1455	2302.1455	1000.0
1274	2329.5554	0.0	2329.5554	2329.5554	1000.0
1275	2339.5781	0.0	2339.5781	2339.5781	1000.0
1276	2255.5864	0.0	2255.5864	2255.5864	1000.0
1277	2346.536	0.0	2346.536	2346.536	1000.0
1278	2296.592	0.0	2296.592	2296.592	1000.0
1279	2343.118	0.0	2343.118	2343.118	1000.0
1280	1283.6796	0.0	1283.6796	1283.6796	1000.0
1281	2251.2434	0.0	2251.2434	2251.2434	1000.0
1282	2246.075	0.0	2246.075	2246.075	1000.0
1283	2300.2607	0.0	2300.2607	2300.2607	1000.0
1284	2211.7761	0.0	2211.7761	2211.7761	1000.0
1285	2282.0781	0.0	2282.0781	2282.0781	1000.0
1286	2293.4214	0.0	2293.4214	2293.4214	1000.0
1287	2180.4917	0.0	2180.4917	2180.4917	1000.0
1288	2264.994	0.0	2264.994	2264.994	1000.0
1289	2331.958	0.0	2331.958	2331.958	1000.0
1290	1810.8066	0.0	1810.8066	1810.8066	1000.0
1291	2306.071	0.0	2306.071	2306.071	1000.0
1292	2262.1995	0.0	2262.1995	2262.1995	1000.0
1293	2158.155	0.0	2158.155	2158.155	1000.0
1294	2239.9539	0.0	2239.9539	2239.9539	1000.0
1295	2181.7874	0.0	2181.7874	2181.7874	1000.0
1296	2234.953	0.0	2234.953	2234.953	1000.0
1297	2014.0001	0.0	2014.0001	2014.0001	1000.0
1298	2237.594	0.0	2237.594	2237.594	1000.0
1299	2215.3408	0.0	2215.3408	2215.3408	1000.0
1300	1820.7642	0.0	1820.7642	1820.7642	1000.0
1301	2317.3916	0.0	2317.3916	2317.3916	1000.0
1302	2219.467	0.0	2219.467	2219.467	1000.0
1303	2255.9897	0.0	2255.9897	2255.9897	1000.0
1304	2246.9026	0.0	2246.9026	2246.9026	1000.0
1305	2329.7893	0.0	2329.7893	2329.7893	1000.0
1306	2291.161	0.0	2291.161	2291.161	1000.0
1307	2271.6335	0.0	2271.6335	2271.6335	1000.0
1308	2259.8088	0.0	2259.8088	2259.8088	1000.0
1309	2240.2615	0.0	2240.2615	2240.2615	1000.0
1310	2326.174	0.0	2326.174	2326.174	1000.0
1311	2328.0688	0.0	2328.0688	2328.0688	1000.0
1312	2226.7014	0.0	2226.7014	2226.7014	1000.0
1313	2258.2634	0.0	2258.2634	2258.2634	1000.0
1314	2214.2375	0.0	2214.2375	2214.2375	1000.0
1315	2331.3782	0.0	2331.3782	2331.3782	1000.0
1316	2092.879	0.0	2092.879	2092.879	1000.0
1317	2258.9548	0.0	2258.9548	2258.9548	1000.0
1318	2334.9365	0.0	2334.9365	2334.9365	1000.0
1319	2260.1018	0.0	2260.1018	2260.1018	1000.0
1320	2244.5737	0.0	2244.5737	2244.5737	1000.0
1321	2285.449	0.0	2285.449	2285.449	1000.0
1322	2353.5806	0.0	2353.5806	2353.5806	1000.0
1323	2315.6033	0.0	2315.6033	2315.6033	1000.0
1324	2229.9768	0.0	2229.9768	2229.9768	1000.0
1325	2206.3853	0.0	2206.3853	2206.3853	1000.0
1326	2310.861	0.0	2310.861	2310.861	1000.0
1327	2229.8557	0.0	2229.8557	2229.8557	1000.0
1328	2363.694	0.0	2363.694	2363.694	1000.0
1329	2271.1555	0.0	2271.1555	2271.1555	1000.0
1330	2182.9724	0.0	2182.9724	2182.9724	1000.0
1331	2204.736	0.0	2204.736	2204.736	1000.0
1332	2276.0784	0.0	2276.0784	2276.0784	1000.0
1333	2280.0957	0.0	2280.0957	2280.0957	1000.0
1334	2294.1746	0.0	2294.1746	2294.1746	1000.0
1335	2329.356	0.0	2329.356	2329.356	1000.0
1336	2196.0774	0.0	2196.0774	2196.0774	1000.0
1337	2132.9329	0.0	2132.9329	2132.9329	1000.0
1338	2370.657	0.0	2370.657	2370.657	1000.0
1339	2341.8262	0.0	2341.8262	2341.8262	1000.0
1340	2199.2747	0.0	2199.2747	2199.2747	1000.0
1341	2333.848	0.0	2333.848	2333.848	1000.0
1342	2296.8179	0.0	2296.8179	2296.8179	1000.0
1343	2286.9492	0.0	2286.9492	2286.9492	1000.0
1344	2308.953	0.0	2308.953	2308.953	1000.0
1345	2323.5317	0.0	2323.5317	2323.5317	1000.0
1346	2260.1675	0.0	2260.1675	2260.1675	1000.0
1347	2298.3662	0.0	2298.3662	2298.3662	1000.0
1348	2260.0635	0.0	2260.0635	2260.0635	1000.0
1349	2294.0286	0.0	2294.0286	2294.0286	1000.0
1350	2176.229	0.0	2176.229	2176.229	1000.0
1351	2324.2	0.0	2324.2	2324.2	1000.0
1352	2233.484	0.0	2233.484	2233.484	1000.0
1353	2282.8945	0.0	2282.8945	2282.8945	1000.0
1354	2183.4897	0.0	2183.4897	2183.4897	1000.0
1355	2221.1924	0.0	2221.1924	2221.1924	1000.0
1356	2286.808	0.0	2286.808	2286.808	1000.0
1357	1970.614	0.0	1970.614	1970.614	1000.0
1358	2158.221	0.0	2158.221	2158.221	1000.0
1359	2185.2234	0.0	2185.2234	2185.2234	1000.0
1360	2196.1675	0.0	2196.1675	2196.1675	1000.0
1361	2345.527	0.0	2345.527	2345.527	1000.0
1362	2119.6055	0.0	2119.6055	2119.6055	1000.0
1363	2250.276	0.0	2250.276	2250.276	1000.0
1364	2295.7847	0.0	2295.7847	2295.7847	1000.0
1365	2013.188	0.0	2013.188	2013.188	1000.0
1366	2073.6013	0.0	2073.6013	2073.6013	1000.0
1367	2172.8618	0.0	2172.8618	2172.8618	1000.0
1368	2203.6897	0.0	2203.6897	2203.6897	1000.0
1369	2257.3833	0.0	2257.3833	2257.3833	1000.0
1370	2321.9387	0.0	2321.9387	2321.9387	1000.0
1371	2242.7197	0.0	2242.7197	2242.7197	1000.0
1372	2304.0127	0.0	2304.0127	2304.0127	1000.0
1373	2131.4546	0.0	2131.4546	2131.4546	1000.0
1374	2143.9907	0.0	2143.9907	2143.9907	1000.0
1375	2200.6482	0.0	2200.6482	2200.6482	1000.0
1376	2247.2168	0.0	2247.2168	2247.2168	1000.0
1377	2208.0676	0.0	2208.0676	2208.0676	1000.0
1378	2335.8477	0.0	2335.8477	2335.8477	1000.0
1379	2293.394	0.0	2293.394	2293.394	1000.0
1380	1988.506	0.0	1988.506	1988.506	1000.0
1381	2204.1597	0.0	2204.1597	2204.1597	1000.0
1382	2251.0688	0.0	2251.0688	2251.0688	1000.0
1383	2305.8486	0.0	2305.8486	2305.8486	1000.0
1384	2311.0476	0.0	2311.0476	2311.0476	1000.0
1385	2133.4724	0.0	2133.4724	2133.4724	1000.0
1386	2295.6782	0.0	2295.6782	2295.6782	1000.0
1387	2260.5764	0.0	2260.5764	2260.5764	1000.0
1388	2264.4402	0.0	2264.4402	2264.4402	1000.0
1389	2348.9766	0.0	2348.9766	2348.9766	1000.0
1390	2295.8105	0.0	2295.8105	2295.8105	1000.0
1391	2313.902	0.0	2313.902	2313.902	1000.0
1392	2295.145	0.0	2295.145	2295.145	1000.0
1393	2256.0105	0.0	2256.0105	2256.0105	1000.0
1394	2218.489	0.0	2218.489	2218.489	1000.0
1395	2245.3455	0.0	2245.3455	2245.3455	1000.0
1396	2166.8982	0.0	2166.8982	2166.8982	1000.0
1397	2272.3552	0.0	2272.3552	2272.3552	1000.0
1398	2229.0908	0.0	2229.0908	2229.0908	1000.0
1399	2171.8489	0.0	2171.8489	2171.8489	1000.0
1400	2169.4736	0.0	2169.4736	2169.4736	1000.0
1401	2381.4536	0.0	2381.4536	2381.4536	1000.0
1402	2173.936	0.0	2173.936	2173.936	1000.0
1403	2281.3933	0.0	2281.3933	2281.3933	1000.0
1404	2382.4824	0.0	2382.4824	2382.4824	1000.0
1405	2331.4573	0.0	2331.4573	2331.4573	1000.0
1406	2229.34	0.0	2229.34	2229.34	1000.0
1407	2425.7207	0.0	2425.7207	2425.7207	1000.0
1408	2223.9287	0.0	2223.9287	2223.9287	1000.0
1409	2377.692	0.0	2377.692	2377.692	1000.0
1410	2384.0264	0.0	2384.0264	2384.0264	1000.0
1411	2322.4565	0.0	2322.4565	2322.4565	1000.0
1412	2375.7258	0.0	2375.7258	2375.7258	1000.0
1413	2381.4114	0.0	2381.4114	2381.4114	1000.0
1414	2327.1646	0.0	2327.1646	2327.1646	1000.0
1415	2368.21	0.0	2368.21	2368.21	1000.0
1416	2389.7761	0.0	2389.7761	2389.7761	1000.0
1417	2374.3496	0.0	2374.3496	2374.3496	1000.0
1418	2308.4941	0.0	2308.4941	2308.4941	1000.0
1419	2350.6018	0.0	2350.6018	2350.6018	1000.0
1420	2238.858	0.0	2238.858	2238.858	1000.0
1421	2029.0836	0.0	2029.0836	2029.0836	1000.0
1422	2360.123	0.0	2360.123	2360.123	1000.0
1423	2386.828	0.0	2386.828	2386.828	1000.0
1424	2312.778	0.0	2312.778	2312.778	1000.0
1425	2341.463	0.0	2341.463	2341.463	1000.0
1426	2420.391	0.0	2420.391	2420.391	1000.0
1427	2348.9304	0.0	2348.9304	2348.9304	1000.0
1428	2330.649	0.0	2330.649	2330.649	1000.0
1429	2313.2173	0.0	2313.2173	2313.2173	1000.0
1430	2344.3171	0.0	2344.3171	2344.3171	1000.0
1431	2247.66	0.0	2247.66	2247.66	1000.0
1432	2430.4028	0.0	2430.4028	2430.4028	1000.0
1433	2310.6152	0.0	2310.6152	2310.6152	1000.0
1434	2308.7576	0.0	2308.7576	2308.7576	1000.0
1435	2401.1858	0.0	2401.1858	2401.1858	1000.0
1436	2324.442	0.0	2324.442	2324.442	1000.0
1437	2381.0881	0.0	2381.0881	2381.0881	1000.0
1438	2357.4336	0.0	2357.4336	2357.4336	1000.0
1439	2279.496	0.0	2279.496	2279.496	1000.0
1440	2343.1763	0.0	2343.1763	2343.1763	1000.0
1441	2415.9805	0.0	2415.9805	2415.9805	1000.0
1442	2409.9119	0.0	2409.9119	2409.9119	1000.0
1443	2111.1438	0.0	2111.1438	2111.1438	1000.0
1444	2353.3528	0.0	2353.3528	2353.3528	1000.0
1445	2393.9592	0.0	2393.9592	2393.9592	1000.0
1446	2423.6	0.0	2423.6	2423.6	1000.0
1447	2412.504	0.0	2412.504	2412.504	1000.0
1448	2310.523	0.0	2310.523	2310.523	1000.0
1449	2398.9207	0.0	2398.9207	2398.9207	1000.0
1450	2317.033	0.0	2317.033	2317.033	1000.0
1451	2364.5366	0.0	2364.5366	2364.5366	1000.0
1452	2291.4536	0.0	2291.4536	2291.4536	1000.0
1453	2323.4106	0.0	2323.4106	2323.4106	1000.0
1454	2347.7402	0.0	2347.7402	2347.7402	1000.0
1455	2372.4194	0.0	2372.4194	2372.4194	1000.0
1456	2392.5674	0.0	2392.5674	2392.5674	1000.0
1457	2338.7163	0.0	2338.7163	2338.7163	1000.0
1458	2412.9893	0.0	2412.9893	2412.9893	1000.0
1459	2313.1863	0.0	2313.1863	2313.1863	1000.0
1460	2362.9658	0.0	2362.9658	2362.9658	1000.0
1461	2405.5002	0.0	2405.5002	2405.5002	1000.0
1462	2421.5847	0.0	2421.5847	2421.5847	1000.0
1463	2361.071	0.0	2361.071	2361.071	1000.0
1464	2374.8237	0.0	2374.8237	2374.8237	1000.0
1465	2373.225	0.0	2373.225	2373.225	1000.0
1466	2467.182	0.0	2467.182	2467.182	1000.0
1467	2422.3105	0.0	2422.3105	2422.3105	1000.0
1468	2330.3906	0.0	2330.3906	2330.3906	1000.0
1469	2316.049	0.0	2316.049	2316.049	1000.0
1470	2377.317	0.0	2377.317	2377.317	1000.0
1471	2416.7114	0.0	2416.7114	2416.7114	1000.0
1472	2084.3953	0.0	2084.3953	2084.3953	1000.0
1473	2272.812	0.0	2272.812	2272.812	1000.0
1474	2404.8313	0.0	2404.8313	2404.8313	1000.0
1475	1851.6238	0.0	1851.6238	1851.6238	1000.0
1476	2292.706	0.0	2292.706	2292.706	1000.0
1477	2333.993	0.0	2333.993	2333.993	1000.0
1478	2365.6475	0.0	2365.6475	2365.6475	1000.0
1479	2267.1885	0.0	2267.1885	2267.1885	1000.0
1480	2260.6633	0.0	2260.6633	2260.6633	1000.0
1481	2415.8457	0.0	2415.8457	2415.8457	1000.0
1482	2371.7976	0.0	2371.7976	2371.7976	1000.0
1483	2398.9248	0.0	2398.9248	2398.9248	1000.0
1484	2407.7378	0.0	2407.7378	2407.7378	1000.0
1485	2308.5906	0.0	2308.5906	2308.5906	1000.0
1486	2285.8918	0.0	2285.8918	2285.8918	1000.0
1487	2319.5408	0.0	2319.5408	2319.5408	1000.0
1488	2392.2947	0.0	2392.2947	2392.2947	1000.0
1489	2036.8235	0.0	2036.8235	2036.8235	1000.0
1490	2345.6055	0.0	2345.6055	2345.6055	1000.0
1491	2262.488	0.0	2262.488	2262.488	1000.0
1492	2311.2263	0.0	2311.2263	2311.2263	1000.0
1493	2372.8237	0.0	2372.8237	2372.8237	1000.0
1494	2102.2947	0.0	2102.2947	2102.2947	1000.0
1495	2332.872	0.0	2332.872	2332.872	1000.0
1496	1959.4274	0.0	1959.4274	1959.4274	1000.0
1497	2334.9912	0.0	2334.9912	2334.9912	1000.0
1498	2259.6072	0.0	2259.6072	2259.6072	1000.0
1499	2340.8064	0.0	2340.8064	2340.8064	1000.0
1500	2410.66	0.0	2410.66	2410.66	1000.0
1501	2399.519	0.0	2399.519	2399.519	1000.0
1502	2385.9873	0.0	2385.9873	2385.9873	1000.0
1503	2414.3599	0.0	2414.3599	2414.3599	1000.0
1504	2320.056	0.0	2320.056	2320.056	1000.0
1505	2379.038	0.0	2379.038	2379.038	1000.0
1506	2275.681	0.0	2275.681	2275.681	1000.0
1507	2281.5156	0.0	2281.5156	2281.5156	1000.0
1508	2404.2388	0.0	2404.2388	2404.2388	1000.0
1509	2390.9429	0.0	2390.9429	2390.9429	1000.0
1510	2368.6465	0.0	2368.6465	2368.6465	1000.0
1511	2112.7073	0.0	2112.7073	2112.7073	1000.0
1512	2251.822	0.0	2251.822	2251.822	1000.0
1513	2351.8706	0.0	2351.8706	2351.8706	1000.0
1514	1343.089	0.0	1343.089	1343.089	1000.0
1515	2376.8372	0.0	2376.8372	2376.8372	1000.0
1516	2279.0159	0.0	2279.0159	2279.0159	1000.0
1517	2363.8713	0.0	2363.8713	2363.8713	1000.0
1518	2386.4346	0.0	2386.4346	2386.4346	1000.0
1519	2245.5432	0.0	2245.5432	2245.5432	1000.0
1520	2308.7214	0.0	2308.7214	2308.7214	1000.0
1521	2346.3752	0.0	2346.3752	2346.3752	1000.0
1522	2252.5427	0.0	2252.5427	2252.5427	1000.0
1523	2043.8563	0.0	2043.8563	2043.8563	1000.0
1524	2437.2388	0.0	2437.2388	2437.2388	1000.0
1525	2401.525	0.0	2401.525	2401.525	1000.0
1526	2385.6829	0.0	2385.6829	2385.6829	1000.0
1527	2394.1099	0.0	2394.1099	2394.1099	1000.0
1528	2418.263	0.0	2418.263	2418.263	1000.0
1529	2330.9148	0.0	2330.9148	2330.9148	1000.0
1530	2415.9783	0.0	2415.9783	2415.9783	1000.0
1531	2417.5022	0.0	2417.5022	2417.5022	1000.0
1532	2359.9026	0.0	2359.9026	2359.9026	1000.0
1533	2365.6912	0.0	2365.6912	2365.6912	1000.0
1534	2290.6384	0.0	2290.6384	2290.6384	1000.0
1535	2464.511	0.0	2464.511	2464.511	1000.0
1536	2409.4316	0.0	2409.4316	2409.4316	1000.0
1537	2366.4158	0.0	2366.4158	2366.4158	1000.0
1538	2405.0327	0.0	2405.0327	2405.0327	1000.0
1539	2301.367	0.0	2301.367	2301.367	1000.0
1540	2382.4204	0.0	2382.4204	2382.4204	1000.0
1541	2367.2185	0.0	2367.2185	2367.2185	1000.0
1542	2446.5034	0.0	2446.5034	2446.5034	1000.0
1543	2336.4905	0.0	2336.4905	2336.4905	1000.0
1544	2392.5876	0.0	2392.5876	2392.5876	1000.0
1545	2380.662	0.0	2380.662	2380.662	1000.0
1546	2345.9404	0.0	2345.9404	2345.9404	1000.0
1547	2407.9841	0.0	2407.9841	2407.9841	1000.0
1548	2418.7266	0.0	2418.7266	2418.7266	1000.0
1549	2402.8093	0.0	2402.8093	2402.8093	1000.0
1550	2343.4146	0.0	2343.4146	2343.4146	1000.0
1551	2426.541	0.0	2426.541	2426.541	1000.0
1552	2255.146	0.0	2255.146	2255.146	1000.0
1553	2362.2695	0.0	2362.2695	2362.2695	1000.0
1554	2361.8923	0.0	2361.8923	2361.8923	1000.0
1555	2391.8196	0.0	2391.8196	2391.8196	1000.0
1556	2399.3955	0.0	2399.3955	2399.3955	1000.0
1557	2370.505	0.0	2370.505	2370.505	1000.0
1558	2279.8083	0.0	2279.8083	2279.8083	1000.0
1559	2364.212	0.0	2364.212	2364.212	1000.0
1560	2371.6658	0.0	2371.6658	2371.6658	1000.0
1561	2340.7764	0.0	2340.7764	2340.7764	1000.0
1562	2443.0774	0.0	2443.0774	2443.0774	1000.0
1563	2388.5137	0.0	2388.5137	2388.5137	1000.0
1564	2268.8691	0.0	2268.8691	2268.8691	1000.0
1565	2385.6614	0.0	2385.6614	2385.6614	1000.0
1566	2477.1294	0.0	2477.1294	2477.1294	1000.0
1567	2431.9211	0.0	2431.9211	2431.9211	1000.0
1568	2372.1882	0.0	2372.1882	2372.1882	1000.0
1569	2417.1755	0.0	2417.1755	2417.1755	1000.0
1570	2214.723	0.0	2214.723	2214.723	1000.0
1571	2399.048	0.0	2399.048	2399.048	1000.0
1572	2433.621	0.0	2433.621	2433.621	1000.0
1573	2438.5615	0.0	2438.5615	2438.5615	1000.0
1574	2435.8298	0.0	2435.8298	2435.8298	1000.0
1575	2472.6558	0.0	2472.6558	2472.6558	1000.0
1576	2362.3916	0.0	2362.3916	2362.3916	1000.0
1577	2225.6545	0.0	2225.6545	2225.6545	1000.0
1578	2428.1758	0.0	2428.1758	2428.1758	1000.0
1579	2387.7522	0.0	2387.7522	2387.7522	1000.0
1580	2382.9075	0.0	2382.9075	2382.9075	1000.0
1581	2482.1008	0.0	2482.1008	2482.1008	1000.0
1582	2431.4905	0.0	2431.4905	2431.4905	1000.0
1583	2332.8027	0.0	2332.8027	2332.8027	1000.0
1584	2344.3735	0.0	2344.3735	2344.3735	1000.0
1585	2340.9673	0.0	2340.9673	2340.9673	1000.0
1586	2287.056	0.0	2287.056	2287.056	1000.0
1587	2368.9084	0.0	2368.9084	2368.9084	1000.0
1588	2231.215	0.0	2231.215	2231.215	1000.0
1589	2343.7178	0.0	2343.7178	2343.7178	1000.0
1590	2386.7544	0.0	2386.7544	2386.7544	1000.0
1591	2273.6455	0.0	2273.6455	2273.6455	1000.0
1592	2311.863	0.0	2311.863	2311.863	1000.0
1593	2363.111	0.0	2363.111	2363.111	1000.0
1594	2382.764	0.0	2382.764	2382.764	1000.0
1595	2394.7393	0.0	2394.7393	2394.7393	1000.0
1596	2455.5996	0.0	2455.5996	2455.5996	1000.0
1597	2381.6567	0.0	2381.6567	2381.6567	1000.0
1598	2400.228	0.0	2400.228	2400.228	1000.0
1599	2337.9417	0.0	2337.9417	2337.9417	1000.0
1600	2404.7415	0.0	2404.7415	2404.7415	1000.0
1601	2336.339	0.0	2336.339	2336.339	1000.0
1602	2348.571	0.0	2348.571	2348.571	1000.0
1603	2387.6375	0.0	2387.6375	2387.6375	1000.0
1604	2468.8416	0.0	2468.8416	2468.8416	1000.0
1605	2391.918	0.0	2391.918	2391.918	1000.0
1606	2233.4485	0.0	2233.4485	2233.4485	1000.0
1607	2371.2725	0.0	2371.2725	2371.2725	1000.0
1608	2338.8037	0.0	2338.8037	2338.8037	1000.0
1609	2247.1848	0.0	2247.1848	2247.1848	1000.0
1610	2410.022	0.0	2410.022	2410.022	1000.0
1611	2400.7915	0.0	2400.7915	2400.7915	1000.0
1612	2355.961	0.0	2355.961	2355.961	1000.0
1613	2417.9207	0.0	2417.9207	2417.9207	1000.0
1614	2309.6118	0.0	2309.6118	2309.6118	1000.0
1615	2342.8538	0.0	2342.8538	2342.8538	1000.0
1616	2366.1848	0.0	2366.1848	2366.1848	1000.0
1617	2372.2048	0.0	2372.2048	2372.2048	1000.0
1618	2455.4087	0.0	2455.4087	2455.4087	1000.0
1619	2379.7942	0.0	2379.7942	2379.7942	1000.0
1620	2277.8662	0.0	2277.8662	2277.8662	1000.0
1621	2278.233	0.0	2278.233	2278.233	1000.0
1622	2430.313	0.0	2430.313	2430.313	1000.0
1623	2330.0505	0.0	2330.0505	2330.0505	1000.0
1624	1880.3053	0.0	1880.3053	1880.3053	1000.0
1625	1944.6211	0.0	1944.6211	1944.6211	1000.0
1626	2351.548	0.0	2351.548	2351.548	1000.0
1627	2301.5442	0.0	2301.5442	2301.5442	1000.0
1628	2381.024	0.0	2381.024	2381.024	1000.0
1629	2041.8442	0.0	2041.8442	2041.8442	1000.0
1630	2299.576	0.0	2299.576	2299.576	1000.0
1631	2232.6165	0.0	2232.6165	2232.6165	1000.0
1632	2408.346	0.0	2408.346	2408.346	1000.0
1633	2318.0427	0.0	2318.0427	2318.0427	1000.0
1634	2073.1877	0.0	2073.1877	2073.1877	1000.0
1635	2233.0159	0.0	2233.0159	2233.0159	1000.0
1636	2196.7124	0.0	2196.7124	2196.7124	1000.0
1637	2274.0957	0.0	2274.0957	2274.0957	1000.0
1638	1666.6284	0.0	1666.6284	1666.6284	1000.0
1639	1737.4263	0.0	1737.4263	1737.4263	1000.0
1640	1909.667	0.0	1909.667	1909.667	1000.0
1641	1991.5082	0.0	1991.5082	1991.5082	1000.0
1642	2017.4285	0.0	2017.4285	2017.4285	1000.0
1643	2238.7622	0.0	2238.7622	2238.7622	1000.0
1644	2349.8757	0.0	2349.8757	2349.8757	1000.0
1645	2227.6326	0.0	2227.6326	2227.6326	1000.0
1646	2327.1992	0.0	2327.1992	2327.1992	1000.0
1647	2335.498	0.0	2335.498	2335.498	1000.0
1648	2396.9224	0.0	2396.9224	2396.9224	1000.0
1649	2370.63	0.0	2370.63	2370.63	1000.0
1650	2263.6477	0.0	2263.6477	2263.6477	1000.0
1651	2228.3728	0.0	2228.3728	2228.3728	1000.0
1652	2319.195	0.0	2319.195	2319.195	1000.0
1653	2275.1655	0.0	2275.1655	2275.1655	1000.0
1654	2267.938	0.0	2267.938	2267.938	1000.0
1655	2190.5151	0.0	2190.5151	2190.5151	1000.0
1656	2365.4033	0.0	2365.4033	2365.4033	1000.0
1657	2336.6372	0.0	2336.6372	2336.6372	1000.0
1658	2231.7898	0.0	2231.7898	2231.7898	1000.0
1659	2394.6191	0.0	2394.6191	2394.6191	1000.0
1660	2396.6836	0.0	2396.6836	2396.6836	1000.0
1661	2484.2664	0.0	2484.2664	2484.2664	1000.0
1662	2269.6943	0.0	2269.6943	2269.6943	1000.0
1663	2135.1692	0.0	2135.1692	2135.1692	1000.0
1664	2308.7334	0.0	2308.7334	2308.7334	1000.0
1665	2360.5652	0.0	2360.5652	2360.5652	1000.0
1666	2449.9773	0.0	2449.9773	2449.9773	1000.0
1667	2415.2615	0.0	2415.2615	2415.2615	1000.0
1668	2392.4695	0.0	2392.4695	2392.4695	1000.0
1669	2346.8987	0.0	2346.8987	2346.8987	1000.0
1670	2321.8655	0.0	2321.8655	2321.8655	1000.0
1671	2364.9934	0.0	2364.9934	2364.9934	1000.0
1672	2462.2976	0.0	2462.2976	2462.2976	1000.0
1673	2330.1262	0.0	2330.1262	2330.1262	1000.0
1674	2441.9873	0.0	2441.9873	2441.9873	1000.0
1675	2480.2556	0.0	2480.2556	2480.2556	1000.0
1676	2413.4668	0.0	2413.4668	2413.4668	1000.0
1677	2415.258	0.0	2415.258	2415.258	1000.0
1678	2446.454	0.0	2446.454	2446.454	1000.0
1679	2024.6111	0.0	2024.6111	2024.6111	1000.0
1680	2399.2378	0.0	2399.2378	2399.2378	1000.0
1681	2418.635	0.0	2418.635	2418.635	1000.0
1682	2390.5186	0.0	2390.5186	2390.5186	1000.0
1683	2390.4226	0.0	2390.4226	2390.4226	1000.0
1684	2469.514	0.0	2469.514	2469.514	1000.0
1685	2394.1833	0.0	2394.1833	2394.1833	1000.0
1686	2444.626	0.0	2444.626	2444.626	1000.0
1687	2405.4675	0.0	2405.4675	2405.4675	1000.0
1688	2447.2173	0.0	2447.2173	2447.2173	1000.0
1689	2354.5046	0.0	2354.5046	2354.5046	1000.0
1690	2403.9785	0.0	2403.9785	2403.9785	1000.0
1691	2407.935	0.0	2407.935	2407.935	1000.0
1692	2326.4836	0.0	2326.4836	2326.4836	1000.0
1693	2400.4827	0.0	2400.4827	2400.4827	1000.0
1694	2382.2817	0.0	2382.2817	2382.2817	1000.0
1695	2380.8481	0.0	2380.8481	2380.8481	1000.0
1696	2484.9763	0.0	2484.9763	2484.9763	1000.0
1697	2236.2036	0.0	2236.2036	2236.2036	1000.0
1698	2378.0933	0.0	2378.0933	2378.0933	1000.0
1699	2387.2178	0.0	2387.2178	2387.2178	1000.0
1700	2233.2495	0.0	2233.2495	2233.2495	1000.0
1701	2438.1448	0.0	2438.1448	2438.1448	1000.0
1702	2423.8647	0.0	2423.8647	2423.8647	1000.0
1703	2374.8574	0.0	2374.8574	2374.8574	1000.0
1704	2423.0156	0.0	2423.0156	2423.0156	1000.0
1705	2323.103	0.0	2323.103	2323.103	1000.0
1706	2396.5046	0.0	2396.5046	2396.5046	1000.0
1707	2445.2097	0.0	2445.2097	2445.2097	1000.0
1708	2352.8003	0.0	2352.8003	2352.8003	1000.0
1709	2368.522	0.0	2368.522	2368.522	1000.0
1710	2378.8206	0.0	2378.8206	2378.8206	1000.0
1711	2300.0571	0.0	2300.0571	2300.0571	1000.0
1712	2405.185	0.0	2405.185	2405.185	1000.0
1713	2203.4888	0.0	2203.4888	2203.4888	1000.0
1714	2390.1294	0.0	2390.1294	2390.1294	1000.0
1715	2381.759	0.0	2381.759	2381.759	1000.0
1716	2323.1707	0.0	2323.1707	2323.1707	1000.0
1717	2276.2593	0.0	2276.2593	2276.2593	1000.0
1718	2380.4722	0.0	2380.4722	2380.4722	1000.0
1719	2346.2822	0.0	2346.2822	2346.2822	1000.0
1720	2289.1477	0.0	2289.1477	2289.1477	1000.0
1721	2356.1323	0.0	2356.1323	2356.1323	1000.0
1722	2294.7156	0.0	2294.7156	2294.7156	1000.0
1723	2042.3473	0.0	2042.3473	2042.3473	1000.0
1724	2305.8218	0.0	2305.8218	2305.8218	1000.0
1725	1971.4512	0.0	1971.4512	1971.4512	1000.0
1726	2404.4595	0.0	2404.4595	2404.4595	1000.0
1727	2328.2563	0.0	2328.2563	2328.2563	1000.0
1728	2292.0227	0.0	2292.0227	2292.0227	1000.0
1729	2354.3403	0.0	2354.3403	2354.3403	1000.0
1730	2275.8872	0.0	2275.8872	2275.8872	1000.0
1731	2329.9187	0.0	2329.9187	2329.9187	1000.0
1732	2378.5625	0.0	2378.5625	2378.5625	1000.0
1733	2316.6685	0.0	2316.6685	2316.6685	1000.0
1734	2388.7834	0.0	2388.7834	2388.7834	1000.0
1735	2345.7407	0.0	2345.7407	2345.7407	1000.0
1736	2431.0115	0.0	2431.0115	2431.0115	1000.0
1737	1866.3358	0.0	1866.3358	1866.3358	1000.0
1738	2318.721	0.0	2318.721	2318.721	1000.0
1739	2389.0933	0.0	2389.0933	2389.0933	1000.0
1740	2348.6025	0.0	2348.6025	2348.6025	1000.0
1741	2234.249	0.0	2234.249	2234.249	1000.0
1742	2026.3721	0.0	2026.3721	2026.3721	1000.0
1743	2395.8225	0.0	2395.8225	2395.8225	1000.0
1744	2278.3804	0.0	2278.3804	2278.3804	1000.0
1745	2251.5771	0.0	2251.5771	2251.5771	1000.0
1746	2330.1758	0.0	2330.1758	2330.1758	1000.0
1747	2353.553	0.0	2353.553	2353.553	1000.0
1748	2255.8596	0.0	2255.8596	2255.8596	1000.0
1749	2418.772	0.0	2418.772	2418.772	1000.0
1750	2197.6353	0.0	2197.6353	2197.6353	1000.0
1751	2252.3167	0.0	2252.3167	2252.3167	1000.0
1752	2344.5298	0.0	2344.5298	2344.5298	1000.0
1753	2412.8306	0.0	2412.8306	2412.8306	1000.0
1754	2235.8518	0.0	2235.8518	2235.8518	1000.0
1755	2308.7332	0.0	2308.7332	2308.7332	1000.0
1756	2401.269	0.0	2401.269	2401.269	1000.0
1757	2294.4954	0.0	2294.4954	2294.4954	1000.0
1758	2190.6174	0.0	2190.6174	2190.6174	1000.0
1759	2332.7607	0.0	2332.7607	2332.7607	1000.0
1760	2338.3354	0.0	2338.3354	2338.3354	1000.0
1761	2431.2598	0.0	2431.2598	2431.2598	1000.0
1762	2216.895	0.0	2216.895	2216.895	1000.0
1763	2408.5085	0.0	2408.5085	2408.5085	1000.0
1764	2402.3132	0.0	2402.3132	2402.3132	1000.0
1765	2325.4397	0.0	2325.4397	2325.4397	1000.0
1766	2336.6243	0.0	2336.6243	2336.6243	1000.0
1767	2420.3071	0.0	2420.3071	2420.3071	1000.0
1768	2327.701	0.0	2327.701	2327.701	1000.0
1769	2461.6064	0.0	2461.6064	2461.6064	1000.0
1770	2467.2822	0.0	2467.2822	2467.2822	1000.0
1771	2401.6848	0.0	2401.6848	2401.6848	1000.0
1772	2434.3787	0.0	2434.3787	2434.3787	1000.0
1773	2261.8923	0.0	2261.8923	2261.8923	1000.0
1774	2339.475	0.0	2339.475	2339.475	1000.0
1775	2347.52	0.0	2347.52	2347.52	1000.0
1776	2301.753	0.0	2301.753	2301.753	1000.0
1777	2339.1033	0.0	2339.1033	2339.1033	1000.0
1778	2355.2834	0.0	2355.2834	2355.2834	1000.0
1779	2387.5903	0.0	2387.5903	2387.5903	1000.0
1780	2325.3918	0.0	2325.3918	2325.3918	1000.0
1781	2095.8123	0.0	2095.8123	2095.8123	1000.0
1782	2330.2683	0.0	2330.2683	2330.2683	1000.0
1783	2497.806	0.0	2497.806	2497.806	1000.0
1784	2405.247	0.0	2405.247	2405.247	1000.0
1785	2313.0264	0.0	2313.0264	2313.0264	1000.0
1786	2150.7944	0.0	2150.7944	2150.7944	1000.0
1787	2366.2417	0.0	2366.2417	2366.2417	1000.0
1788	2320.1602	0.0	2320.1602	2320.1602	1000.0
1789	2221.6167	0.0	2221.6167	2221.6167	1000.0
1790	2151.0144	0.0	2151.0144	2151.0144	1000.0
1791	2461.9438	0.0	2461.9438	2461.9438	1000.0
1792	2316.2302	0.0	2316.2302	2316.2302	1000.0
1793	2451.178	0.0	2451.178	2451.178	1000.0
1794	2421.5208	0.0	2421.5208	2421.5208	1000.0
1795	2213.4712	0.0	2213.4712	2213.4712	1000.0
1796	2286.1487	0.0	2286.1487	2286.1487	1000.0
1797	2224.4304	0.0	2224.4304	2224.4304	1000.0
1798	2199.0432	0.0	2199.0432	2199.0432	1000.0
1799	2467.8997	0.0	2467.8997	2467.8997	1000.0
1800	2124.3235	0.0	2124.3235	2124.3235	1000.0
1801	2184.3398	0.0	2184.3398	2184.3398	1000.0
1802	2408.3706	0.0	2408.3706	2408.3706	1000.0
1803	2312.6348	0.0	2312.6348	2312.6348	1000.0
1804	2418.661	0.0	2418.661	2418.661	1000.0
1805	2380.273	0.0	2380.273	2380.273	1000.0
1806	2370.5796	0.0	2370.5796	2370.5796	1000.0
1807	2380.539	0.0	2380.539	2380.539	1000.0
1808	2490.6807	0.0	2490.6807	2490.6807	1000.0
1809	2409.885	0.0	2409.885	2409.885	1000.0
1810	2364.9802	0.0	2364.9802	2364.9802	1000.0
1811	2332.143	0.0	2332.143	2332.143	1000.0
1812	2424.2966	0.0	2424.2966	2424.2966	1000.0
1813	2464.736	0.0	2464.736	2464.736	1000.0
1814	2411.116	0.0	2411.116	2411.116	1000.0
1815	2267.4978	0.0	2267.4978	2267.4978	1000.0
1816	2474.0178	0.0	2474.0178	2474.0178	1000.0
1817	2101.7766	0.0	2101.7766	2101.7766	1000.0
1818	2444.6003	0.0	2444.6003	2444.6003	1000.0
1819	2401.4712	0.0	2401.4712	2401.4712	1000.0
1820	2397.3313	0.0	2397.3313	2397.3313	1000.0
1821	2414.6772	0.0	2414.6772	2414.6772	1000.0
1822	2419.8594	0.0	2419.8594	2419.8594	1000.0
1823	2311.1707	0.0	2311.1707	2311.1707	1000.0
1824	2422.2146	0.0	2422.2146	2422.2146	1000.0
1825	2436.709	0.0	2436.709	2436.709	1000.0
1826	2394.8564	0.0	2394.8564	2394.8564	1000.0
1827	2509.393	0.0	2509.393	2509.393	1000.0
1828	2432.7512	0.0	2432.7512	2432.7512	1000.0
1829	2443.9521	0.0	2443.9521	2443.9521	1000.0
1830	2415.5437	0.0	2415.5437	2415.5437	1000.0
1831	2409.2202	0.0	2409.2202	2409.2202	1000.0
1832	2275.4612	0.0	2275.4612	2275.4612	1000.0
1833	940.5214	0.0	940.5214	940.5214	1000.0
1834	2097.324	0.0	2097.324	2097.324	1000.0
1835	2368.9387	0.0	2368.9387	2368.9387	1000.0
1836	2320.999	0.0	2320.999	2320.999	1000.0
1837	2386.017	0.0	2386.017	2386.017	1000.0
1838	2482.3657	0.0	2482.3657	2482.3657	1000.0
1839	2535.063	0.0	2535.063	2535.063	1000.0
1840	2479.7344	0.0	2479.7344	2479.7344	1000.0
1841	2526.1956	0.0	2526.1956	2526.1956	1000.0
1842	2421.6182	0.0	2421.6182	2421.6182	1000.0
1843	2471.8281	0.0	2471.8281	2471.8281	1000.0
1844	2398.0825	0.0	2398.0825	2398.0825	1000.0
1845	2546.5059	0.0	2546.5059	2546.5059	1000.0
1846	2533.5603	0.0	2533.5603	2533.5603	1000.0
1847	2466.5916	0.0	2466.5916	2466.5916	1000.0
1848	2296.6667	0.0	2296.6667	2296.6667	1000.0
1849	2213.7112	0.0	2213.7112	2213.7112	1000.0
1850	2403.801	0.0	2403.801	2403.801	1000.0
1851	2525.7268	0.0	2525.7268	2525.7268	1000.0
1852	2368.7354	0.0	2368.7354	2368.7354	1000.0
1853	2413.5947	0.0	2413.5947	2413.5947	1000.0
1854	2349.7686	0.0	2349.7686	2349.7686	1000.0
1855	2475.1926	0.0	2475.1926	2475.1926	1000.0
1856	2418.0269	0.0	2418.0269	2418.0269	1000.0
1857	2457.532	0.0	2457.532	2457.532	1000.0
1858	2355.6438	0.0	2355.6438	2355.6438	1000.0
1859	2392.228	0.0	2392.228	2392.228	1000.0
1860	2501.0947	0.0	2501.0947	2501.0947	1000.0
1861	2501.1348	0.0	2501.1348	2501.1348	1000.0
1862	2325.4727	0.0	2325.4727	2325.4727	1000.0
1863	2483.338	0.0	2483.338	2483.338	1000.0
1864	2406.3118	0.0	2406.3118	2406.3118	1000.0
1865	2395.5444	0.0	2395.5444	2395.5444	1000.0
1866	2366.1172	0.0	2366.1172	2366.1172	1000.0
1867	2452.1384	0.0	2452.1384	2452.1384	1000.0
1868	2453.5186	0.0	2453.5186	2453.5186	1000.0
1869	2514.741	0.0	2514.741	2514.741	1000.0
1870	2243.4536	0.0	2243.4536	2243.4536	1000.0
1871	2338.785	0.0	2338.785	2338.785	1000.0
1872	2423.6724	0.0	2423.6724	2423.6724	1000.0
1873	2419.6592	0.0	2419.6592	2419.6592	1000.0
1874	2218.3428	0.0	2218.3428	2218.3428	1000.0
1875	2469.642	0.0	2469.642	2469.642	1000.0
1876	2374.7554	0.0	2374.7554	2374.7554	1000.0
1877	2516.5652	0.0	2516.5652	2516.5652	1000.0
1878	2515.1409	0.0	2515.1409	2515.1409	1000.0
1879	2356.3647	0.0	2356.3647	2356.3647	1000.0
1880	2512.552	0.0	2512.552	2512.552	1000.0
1881	2500.8113	0.0	2500.8113	2500.8113	1000.0
1882	2524.8064	0.0	2524.8064	2524.8064	1000.0
1883	2512.9312	0.0	2512.9312	2512.9312	1000.0
1884	2533.7075	0.0	2533.7075	2533.7075	1000.0
1885	2492.6382	0.0	2492.6382	2492.6382	1000.0
1886	2481.315	0.0	2481.315	2481.315	1000.0
1887	2476.5386	0.0	2476.5386	2476.5386	1000.0
1888	2481.895	0.0	2481.895	2481.895	1000.0
1889	2528.871	0.0	2528.871	2528.871	1000.0
1890	2506.3218	0.0	2506.3218	2506.3218	1000.0
1891	2513.9397	0.0	2513.9397	2513.9397	1000.0
1892	2476.1846	0.0	2476.1846	2476.1846	1000.0
1893	2531.6907	0.0	2531.6907	2531.6907	1000.0
1894	2317.9429	0.0	2317.9429	2317.9429	1000.0
1895	2413.1726	0.0	2413.1726	2413.1726	1000.0
1896	2394.9502	0.0	2394.9502	2394.9502	1000.0
1897	2494.3867	0.0	2494.3867	2494.3867	1000.0
1898	2498.9294	0.0	2498.9294	2498.9294	1000.0
1899	2491.0393	0.0	2491.0393	2491.0393	1000.0
1900	2507.0112	0.0	2507.0112	2507.0112	1000.0
1901	2496.295	0.0	2496.295	2496.295	1000.0
1902	2546.9004	0.0	2546.9004	2546.9004	1000.0
1903	2492.087	0.0	2492.087	2492.087	1000.0
1904	2361.7092	0.0	2361.7092	2361.7092	1000.0
1905	2503.2866	0.0	2503.2866	2503.2866	1000.0
1906	2470.58	0.0	2470.58	2470.58	1000.0
1907	2546.8782	0.0	2546.8782	2546.8782	1000.0
1908	2511.7043	0.0	2511.7043	2511.7043	1000.0
1909	2502.8477	0.0	2502.8477	2502.8477	1000.0
1910	2448.3699	0.0	2448.3699	2448.3699	1000.0
1911	2534.2737	0.0	2534.2737	2534.2737	1000.0
1912	2468.3562	0.0	2468.3562	2468.3562	1000.0
1913	2539.0554	0.0	2539.0554	2539.0554	1000.0
1914	2380.0552	0.0	2380.0552	2380.0552	1000.0
1915	2488.692	0.0	2488.692	2488.692	1000.0
1916	2459.4653	0.0	2459.4653	2459.4653	1000.0
1917	2464.9937	0.0	2464.9937	2464.9937	1000.0
1918	2331.5254	0.0	2331.5254	2331.5254	1000.0
1919	2301.626	0.0	2301.626	2301.626	1000.0
1920	2370.3276	0.0	2370.3276	2370.3276	1000.0
1921	2512.4365	0.0	2512.4365	2512.4365	1000.0
1922	2377.7632	0.0	2377.7632	2377.7632	1000.0
1923	2465.1755	0.0	2465.1755	2465.1755	1000.0
1924	2363.3474	0.0	2363.3474	2363.3474	1000.0
1925	2260.2595	0.0	2260.2595	2260.2595	1000.0
1926	2471.0752	0.0	2471.0752	2471.0752	1000.0
1927	2434.3699	0.0	2434.3699	2434.3699	1000.0
1928	2393.4734	0.0	2393.4734	2393.4734	1000.0
1929	2539.1514	0.0	2539.1514	2539.1514	1000.0
1930	2557.7937	0.0	2557.7937	2557.7937	1000.0
1931	2534.4175	0.0	2534.4175	2534.4175	1000.0
1932	2546.192	0.0	2546.192	2546.192	1000.0
1933	2512.2107	0.0	2512.2107	2512.2107	1000.0
1934	2457.3816	0.0	2457.3816	2457.3816	1000.0
1935	2463.7605	0.0	2463.7605	2463.7605	1000.0
1936	2526.8103	0.0	2526.8103	2526.8103	1000.0
1937	2549.1873	0.0	2549.1873	2549.1873	1000.0
1938	2148.8389	0.0	2148.8389	2148.8389	1000.0
1939	2459.0032	0.0	2459.0032	2459.0032	1000.0
1940	2472.8596	0.0	2472.8596	2472.8596	1000.0
1941	2485.6182	0.0	2485.6182	2485.6182	1000.0
1942	2485.115	0.0	2485.115	2485.115	1000.0
1943	2502.0813	0.0	2502.0813	2502.0813	1000.0
1944	1090.6898	0.0	1090.6898	1090.6898	1000.0
1945	2520.8096	0.0	2520.8096	2520.8096	1000.0
1946	2138.491	0.0	2138.491	2138.491	1000.0
1947	2339.4075	0.0	2339.4075	2339.4075	1000.0
1948	2424.5571	0.0	2424.5571	2424.5571	1000.0
1949	2339.5713	0.0	2339.5713	2339.5713	1000.0
1950	2356.8406	0.0	2356.8406	2356.8406	1000.0
1951	2245.677	0.0	2245.677	2245.677	1000.0
1952	2517.4585	0.0	2517.4585	2517.4585	1000.0
1953	2435.1626	0.0	2435.1626	2435.1626	1000.0
1954	2116.6892	0.0	2116.6892	2116.6892	1000.0
1955	2526.2246	0.0	2526.2246	2526.2246	1000.0
1956	2492.317	0.0	2492.317	2492.317	1000.0
1957	2495.1982	0.0	2495.1982	2495.1982	1000.0
1958	2423.1987	0.0	2423.1987	2423.1987	1000.0
1959	2400.6448	0.0	2400.6448	2400.6448	1000.0
1960	2154.311	0.0	2154.311	2154.311	1000.0
1961	2378.6553	0.0	2378.6553	2378.6553	1000.0
1962	2375.8857	0.0	2375.8857	2375.8857	1000.0
1963	2527.4548	0.0	2527.4548	2527.4548	1000.0
1964	2465.7766	0.0	2465.7766	2465.7766	1000.0
1965	2448.482	0.0	2448.482	2448.482	1000.0
1966	2522.1807	0.0	2522.1807	2522.1807	1000.0
1967	2180.327	0.0	2180.327	2180.327	1000.0
1968	2455.9094	0.0	2455.9094	2455.9094	1000.0
1969	2001.254	0.0	2001.254	2001.254	1000.0
1970	2505.7175	0.0	2505.7175	2505.7175	1000.0
1971	2511.9094	0.0	2511.9094	2511.9094	1000.0
1972	2467.9268	0.0	2467.9268	2467.9268	1000.0
1973	2361.504	0.0	2361.504	2361.504	1000.0
1974	2409.0732	0.0	2409.0732	2409.0732	1000.0
1975	2142.1274	0.0	2142.1274	2142.1274	1000.0
1976	2487.592	0.0	2487.592	2487.592	1000.0
1977	2441.3267	0.0	2441.3267	2441.3267	1000.0
1978	2139.3435	0.0	2139.3435	2139.3435	1000.0
1979	2251.3613	0.0	2251.3613	2251.3613	1000.0
1980	2495.2156	0.0	2495.2156	2495.2156	1000.0
1981	2538.7214	0.0	2538.7214	2538.7214	1000.0
1982	2526.7332	0.0	2526.7332	2526.7332	1000.0
1983	2508.633	0.0	2508.633	2508.633	1000.0
1984	2538.8586	0.0	2538.8586	2538.8586	1000.0
1985	2522.193	0.0	2522.193	2522.193	1000.0
1986	2260.502	0.0	2260.502	2260.502	1000.0
1987	2312.5032	0.0	2312.5032	2312.5032	1000.0
1988	2511.2236	0.0	2511.2236	2511.2236	1000.0
1989	2486.7202	0.0	2486.7202	2486.7202	1000.0
1990	2198.5522	0.0	2198.5522	2198.5522	1000.0
1991	2177.8313	0.0	2177.8313	2177.8313	1000.0
1992	2421.0076	0.0	2421.0076	2421.0076	1000.0
1993	2430.766	0.0	2430.766	2430.766	1000.0
1994	2509.0771	0.0	2509.0771	2509.0771	1000.0
1995	2520.173	0.0	2520.173	2520.173	1000.0
1996	2278.0889	0.0	2278.0889	2278.0889	1000.0
1997	2358.2915	0.0	2358.2915	2358.2915	1000.0
1998	2406.6372	0.0	2406.6372	2406.6372	1000.0
1999	2436.9275	0.0	2436.9275	2436.9275	1000.0
